Judul,Harga,Deskripsi
"MESIN PIROLISIS (PENGUBAH LIMBAH ORGANIK MENJADI BAHAN PENGAWET ATAU ASAP CAIR) ASIANINDO","0","Mesin pirolisis adalah alat yang menggunakan panas tinggi dalam kondisi minim atau tanpa oksigen untuk mengolah limbah organik atau sampah, mengubahnya menjadi produk lain seperti bahan pengawet dan asap cair. Mesin ini berperan penting dalam pengelolaan sampah, terutama kayu, batok kelapa, serabut kelapa, dan dapat menghasilkan produk yang bernilai tambah. 

Spesifikasi : Kapasitas 60 kg bahan baku
- Bahan Stainless steel 3mm
- Terdiri dari tabung reaktor, tabung kondensor
- Safety valve, thermo analog, dan presure gauge

Cara Kerja Mesin Pirolisis:
1. Pemanasan:
Limbah organik atau sampah dimasukkan ke dalam reaktor dan dipanaskan pada suhu tinggi (misalnya, 300-800°C) tanpa adanya oksigen. 
2. Penguraian:
Proses pirolisis menyebabkan bahan organik terurai menjadi molekul yang lebih kecil, menghasilkan bahan pengawet dan asap cair.
3. Pemurnian:
Produk bahan pengawet dan asap cair dapat dipisahkan dan dimurnikan untuk digunakan lebih lanjut, sedangkan residu padat dapat diolah menjadi karbon aktif atau produk lain. "
"Mesin Sterilisasi UHT kapasitas 200 liter Asianindo","0","MESIN STERILISASI UHT

Mesin Sterilisasi UHT merupakan mesin yang memiliki metode untuk menjaga kualitas pangan yang bersifat cair dengan menggunakan pemanasan intensif dalam waktu cepat. Mesin sterilisasi ini, digunakan untuk mensterilisasi minuman antara lain susu, yogurt, teh, sirup, minuman herbal, dan lain-lain.

Spesifikasi :
- HARGA : Rp.235.000.000
- Kapasitas = 200 ltr/jam
Kelengkapan 
1.Feed tank
2.UHT unit
3.Aseptic tank
4.Thermal oil
5.Water Boiler
6.Cooling Tower

- ⁠Sistem Sterilisasi = indirect
- ⁠Modul UHT menggunakan sistem pemanas steam sudah termasuk internal boiler dengan pemanas electric heater
- ⁠Media pendingin = cooling water
- ⁠Suhu sterilisasi = 60 - 145*C (bisa disetting)
- ⁠Lama holding sterilisasi = 5 - 10 detik
- ⁠Suhu output produk = 30 - 40*C
- ⁠Type heat exchanger = Shell & Tube HE
- ⁠Sistem control operational = automatic PLC & HMI
- ⁠Material = stainless steel SUS 304"
"Retort Sterilisasi 500 Liter Pengawet Olahan Makanan & Bumbu Tanpa Bahan Pengawet | CV Asianindo","0","MESIN RETORT STERILISASI

Mesin retort ini ideal untuk sterilisasi produk makanan dalam kemasan tertutup. Menggunakan suhu tinggi dan tekanan untuk membunuh mikroorganisme berbahaya. Memperpanjang umur simpan produk. Bekerja sesuai Perka BPOM untuk produk steril komersial makanan olahan dalam kemasan non refrigerator. Awet tanpa pendinginan.

SPESIFIKASI

- TIPE MESIN : RVRL_500 OT IJT
- SISTEM KONTROL : OTOMATIS
- BAHAN : STAINLESS STEEL
- SISTEM PENGUNCIAN : RADIAL
- VOLUME TABUNG : 500 LITER
- DIMENSI TABUNG : 75 X 120 CM
- TEMPERATUR DIGITAL : SUPPORT DATA LOGGER
- MESIN PENDUKUNG : 1 SET BOILER
- PELENGKAP : 1 SET KOMPOR + REGULATOR"
"Mesin Pelet Apung Kapasitas 30 Kg Penggerak Bensin CV Asianindo","0","MESIN EXTRUDER CETAK PELET APUNG LENGKAP FEEDER

Model: Horizontal
Fungsi: Mesin cetak pelet apung
Penggerak:Bensin
Material Rangka: UNP 8 dan plat mild steel
Transmisi: Pulley dan V-belt
Kapasitas: 30 kg/jam
Sistem Pemanas: Gas LPG / Heater (pilih salah satu)
Cetakan (Die): Tersedia ukuran 2 mm, 3 mm, 4 mm, 5 mm (pilih salah satu)"
"Mesin Ekstrak Kapasitas 25liter CV Asianindo","0","Mesin Ekstrak Kapasitas 25liter
pengubah cair menjadi bubuk

keterangan produk :
- Mengeringkan bahan ekstrak dengan cepat dan efisien
- Mengurangi kadar air dalam ekstrak untuk memperpanjang umur simpan
- Mempertahankan kualitas dan kandungan nutrisi dari bahan ekstrak
- Menghasilkan ekstrak yang kering dan mudah disimpan atau diolah lebih lanjut
- Dilengkapi dengan suhu dan waktu pengeringan yang dapat diatur sesuai kebutuhan
- Desain yang simple dan mudah dioperasikan.

Spesifikasi ;
* Bahan Full Stainless Steel
* Tabung Double Jacket
* Suhu Terkontrol Otomatis
* Pengaduk otomatis
* free kompor

Nb: sebelum mesin kami kirim sudah kami uji coba ( trial ). jadi tidak ada kendala pada saat tiba di lokasi."
"Mesin Pelet Apung Kapasitas 30 Kg Penggerak Diesel CV Asianindo","0","MESIN EXTRUDER CETAK PELET APUNG LENGKAP FEEDER

Model: Horizontal
Fungsi: Mesin cetak pelet apung
Penggerak:Diesel
Material Rangka: UNP 8 dan plat mild steel
Transmisi: Pulley dan V-belt
Kapasitas: 30 kg/jam
Sistem Pemanas: Gas LPG / Heater (pilih salah satu)
Cetakan (Die): Tersedia ukuran 2 mm, 3 mm, 4 mm, 5 mm (pilih salah satu)"
"Mesin Giling Bumbu FFC Kapasitas 100kg Asianindo","0","Mesin Giling Bumbu FFC 23

Spesifikasi Mesin:
• Model: FFC 23
• Penggerak: Dinamo Motor atau Motor bensin
• Produktivitas: 55 kg/jam
• Rangka: Besi
• Isi Paket: 3 pcs saringan (halus, sedang, kasar)

Ideal untuk kebutuhan giling bumbu Anda. Mesin ini dirancang untuk efisiensi tinggi dengan kapasitas produksi 55 kg per jam. Dengan rangka besi yang kokoh, mesin ini menjamin daya tahan dan kinerja jangka panjang. Paket lengkap dengan 3 jenis saringan untuk memenuhi berbagai kebutuhan penggilingan.

Penggunaan Fleksibel:
Mesin giling bumbu ini cocok digunakan dengan berbagai jenis motor. Pilihan antara dinamo motor atau motor bensin memberikan fleksibilitas dalam pengoperasian. Rangka besi menambah keandalan mesin. Dapatkan hasil terbaik dengan menggunakan semua 3 saringan yang termasuk dalam paket."
"Retort Sterilisasi 200 Liter Pengawet Olahan Makanan & Bumbu Tanpa Bahan Pengawet | CV Asianindo","0","MESIN RETORT STERILISASI

Mesin retort ini ideal untuk sterilisasi produk makanan dalam kemasan tertutup. Menggunakan suhu tinggi dan tekanan untuk membunuh mikroorganisme berbahaya. Memperpanjang umur simpan produk. Bekerja sesuai Perka BPOM untuk produk steril komersial makanan olahan dalam kemasan non refrigerator. Awet tanpa pendinginan.

SPESIFIKASI

- TIPE MESIN : RVRL_200 OT IJT
- SISTEM KONTROL : OTOMATIS
- BAHAN : STAINLESS STEEL
- SISTEM PENGUNCIAN : RADIAL
- VOLUME TABUNG : 200 LITER
- DIMENSI TABUNG : 60 X 100 CM
- TEMPERATUR DIGITAL : SUPPORT DATA LOGGER
- MESIN PENDUKUNG : 1 SET BOILER
- PELENGKAP : 1 SET KOMPOR + REGULATOR"
"Mesin Pengering Karpet Kapasitas 100 Kg Asianindo","0","Mesin Pengering Karpet"
"Mesin Pirolisis Sampah Plastik Kapasitas 10 Kg CV Asianindo","0","Mesin Pirolisis Plastik adalah alat pengolah limbah plastik menggunakan panas tinggi dalam kondisi minim oksigen untuk mengubah plastik menjadi bahan bakar cair seperti premium, minyak tanah, solar ringan, serta gas yang dapat dimanfaatkan kembali sebagai sumber panas. Teknologi ini menjadi solusi modern untuk mengurangi limbah plastik sekaligus menghasilkan produk bernilai tinggi yang dapat dimanfaatkan untuk kebutuhan industri maupun energi.

Dengan metode pemanasan tertutup, proses pirolisis memecah struktur plastik tanpa pembakaran terbuka, sehingga lebih aman, efisien, dan ramah lingkungan. Mesin ini cocok digunakan untuk pengusaha daur ulang, pengolahan limbah, hingga industri skala kecil dan menengah.

Spesifikasi Mesin:
* Kapasitas 10 kg / proses
* Material Stainless Steel 3 mm (kecuali bagian dudukan/jagrak)
* Komponen lengkap: tabung reaktor, kondensor pendingin, pipa penyalur gas, dan bak sirkulasi air
* Dilengkapi: pressure gauge (Pengatur Suhu otomatis dan manual)
* Fitur Termometer Ruangan Terpasang|
* Bahan Bakar : Oli Bekas 
* Dilengkapi Safety Valve, Pengukur Tekanan, dan Kran Hasil
* Dilengkapi Penahan panas di sekeliling tabung utama reaktor
* Hasil minyak terbagi 2 : Setara Solar dan Premium
* Dilengkapi Set Kompor

Cara Kerja Mesin Pirolisis Plastik:
1. Pemanasan
Plastik (jenis PP, PE, dan sejenisnya) dimasukkan ke dalam reaktor, kemudian dipanaskan hingga suhu tinggi sekitar 350–500°C dalam kondisi tanpa oksigen.
2. Penguraian (Thermal Cracking)
Pada suhu tinggi ini, plastik mulai terurai menjadi gas hidrokarbon. Gas tersebut kemudian dialirkan menuju kondensor.
3. Kondensasi & Pemurnian
Gas hasil pirolisis didinginkan dalam kondensor hingga berubah menjadi cairan bahan bakar seperti:
* Minyak pirolisis (setara premium)
* Solar ringan

Sementara residu padat dapat digunakan sebagai carbon black, dan sebagian gas dapat dipakai kembali sebagai bahan bakar pemanas."
"Mesin Sterilisasi UHT kapasitas 1000 liter Asianindo","0","MESIN STERILISASI UHT

Mesin Sterilisasi UHT merupakan mesin yang memiliki metode untuk menjaga kualitas pangan yang bersifat cair dengan menggunakan pemanasan intensif dalam waktu cepat. Mesin sterilisasi ini, digunakan untuk mensterilisasi minuman antara lain susu, yogurt, teh, sirup, minuman herbal, dan lain-lain.

Spesifikasi :
- Kapasitas = 1000 ltr/jam
- ⁠Sistem Sterilisasi = indirect
- ⁠Modul UHT menggunakan sistem pemanas steam sudah termasuk internal boiler dengan pemanas electric heater
- ⁠Media pendingin = cooling water
- ⁠Suhu sterilisasi = 60 - 145*C (bisa disetting)
- ⁠Lama holding sterilisasi = 5 - 10 detik
- ⁠Suhu output produk = 30 - 40*C
- ⁠Type heat exchanger = Shell & Tube HE
- ⁠Sistem control operational = automatic PLC & HMI
- ⁠Material = stainless steel SUS 304"
"Mesin Giling Bumbu Kapasitas 50kg Asianindo","0","Mesin Giling Bumbu FFC 15

Mesin giling bumbu dengan model FFC 15, ideal untuk kebutuhan Anda. Dengan penggerak dinamo motor atau motor bensin, mesin ini siap menghasilkan tepung hingga 55 kg per jam. Rangka besi yang kokoh menjamin daya tahan lama. Cocok untuk penggunaan industri kecil maupun menengah.

Spesifikasi Lengkap
- Model: FFC 15
- Penggerak: Dinamo Motor/Motor bensin
- Produktivitas: 55 kg/Jam
- Rangka: Besi
- Isi Paket: 3 pcs saringan (halus, sedang, kasar)

Semua spesifikasi dirancang untuk efisiensi dan kinerja optimal. Pastikan Anda memilih mesin yang tepat untuk kebutuhan produksi Anda."
"Mesin Pirolisis Sampah Plastik Kapasitas 40 Kg CV Asianindo","0","Mesin Pirolisis Plastik adalah alat pengolah limbah plastik menggunakan panas tinggi dalam kondisi minim oksigen untuk mengubah plastik menjadi bahan bakar cair seperti premium, minyak tanah, solar ringan, serta gas yang dapat dimanfaatkan kembali sebagai sumber panas. Teknologi ini menjadi solusi modern untuk mengurangi limbah plastik sekaligus menghasilkan produk bernilai tinggi yang dapat dimanfaatkan untuk kebutuhan industri maupun energi.

Dengan metode pemanasan tertutup, proses pirolisis memecah struktur plastik tanpa pembakaran terbuka, sehingga lebih aman, efisien, dan ramah lingkungan. Mesin ini cocok digunakan untuk pengusaha daur ulang, pengolahan limbah, hingga industri skala kecil dan menengah.

Spesifikasi Mesin:
* Kapasitas 40 kg / proses
* Material Stainless Steel 3 mm (kecuali bagian dudukan/jagrak)
* Komponen lengkap: tabung reaktor, kondensor pendingin, pipa penyalur gas, dan bak sirkulasi air
* Dilengkapi: pressure gauge (Pengatur Suhu otomatis dan manual)
* Fitur Termometer Ruangan Terpasang|
* Bahan Bakar : Oli Bekas
* Dilengkapi Safety Valve, Pengukur Tekanan, dan Kran Hasil
* Dilengkapi Penahan panas di sekeliling tabung utama reaktor
* Hasil minyak terbagi 2 : Setara Solar dan Premium
* Dilengkapi Set Kompor

Cara Kerja Mesin Pirolisis Plastik:
1. Pemanasan
Plastik (jenis PP, PE, dan sejenisnya) dimasukkan ke dalam reaktor, kemudian dipanaskan hingga suhu tinggi sekitar 350–500°C dalam kondisi tanpa oksigen.
2. Penguraian (Thermal Cracking)
Pada suhu tinggi ini, plastik mulai terurai menjadi gas hidrokarbon. Gas tersebut kemudian dialirkan menuju kondensor.
3. Kondensasi & Pemurnian
Gas hasil pirolisis didinginkan dalam kondensor hingga berubah menjadi cairan bahan bakar seperti:
* Minyak pirolisis (setara premium)
* Solar ringan

Sementara residu padat dapat digunakan sebagai carbon black, dan sebagian gas dapat dipakai kembali sebagai bahan bakar pemanas."
"4 Warna Mesin Sablon Plastik Asianindo (Rotogravure)","0","MESIN SABLON PLASTIK

Mesin Sablon Plastik 4 Warna. 
Spesifikasi
- Dimensi P 500cm x L 130cm x T 170cm 
- Bodi UNP/Plat esser 
- Kapasitas Lebar media Max 55 
- Lebar Gambar max 50 cm 
- Kecepatan max 50rpm 
- Power Main 2 motor 2 HP VS (Variable speed) 
- Blower 4 X 150watt 
- Transmisi Gear Box 
- Inventer 
- Heater 
- Doctorblade 
- Tension 1 
- Gearbox

catatan : 
Spek bisa berubah tergantung permintaan pembeli. garansi 1 tahun setelah mesin sampai di lokasi dan dipandu oleh ahli di bidangnya.

Harga 4 Warna : Rp 185.000.000"
"Mesin Pirolisis Sampah Plastik Kapasitas 20 Kg CV Asianindo","0","Mesin Pirolisis Plastik adalah alat pengolah limbah plastik menggunakan panas tinggi dalam kondisi minim oksigen untuk mengubah plastik menjadi bahan bakar cair seperti premium, minyak tanah, solar ringan, serta gas yang dapat dimanfaatkan kembali sebagai sumber panas. Teknologi ini menjadi solusi modern untuk mengurangi limbah plastik sekaligus menghasilkan produk bernilai tinggi yang dapat dimanfaatkan untuk kebutuhan industri maupun energi.

Dengan metode pemanasan tertutup, proses pirolisis memecah struktur plastik tanpa pembakaran terbuka, sehingga lebih aman, efisien, dan ramah lingkungan. Mesin ini cocok digunakan untuk pengusaha daur ulang, pengolahan limbah, hingga industri skala kecil dan menengah.

Spesifikasi Mesin:
* Kapasitas 20 kg / proses
* Material Stainless Steel 3 mm (kecuali bagian dudukan/jagrak)
* Komponen lengkap: tabung reaktor, kondensor pendingin, pipa penyalur gas, dan bak sirkulasi air
* Dilengkapi: pressure gauge (Pengatur Suhu otomatis dan manual)
* Fitur Termometer Ruangan Terpasang|
* Bahan Bakar : Oli Bekas
* Dilengkapi Safety Valve, Pengukur Tekanan, dan Kran Hasil
* Dilengkapi Penahan panas di sekeliling tabung utama reaktor
* Hasil minyak terbagi 2 : Setara Solar dan Premium
* Dilengkapi Set Kompor

Cara Kerja Mesin Pirolisis Plastik:
1. Pemanasan
Plastik (jenis PP, PE, dan sejenisnya) dimasukkan ke dalam reaktor, kemudian dipanaskan hingga suhu tinggi sekitar 350–500°C dalam kondisi tanpa oksigen.
2. Penguraian (Thermal Cracking)
Pada suhu tinggi ini, plastik mulai terurai menjadi gas hidrokarbon. Gas tersebut kemudian dialirkan menuju kondensor.
3. Kondensasi & Pemurnian
Gas hasil pirolisis didinginkan dalam kondensor hingga berubah menjadi cairan bahan bakar seperti:
* Minyak pirolisis (setara premium)
* Solar ringan

Sementara residu padat dapat digunakan sebagai carbon black, dan sebagian gas dapat dipakai kembali sebagai bahan bakar pemanas."
"Mesin Destilasi Minyak Nilam Atsiri 100 Kilogram CV Asianindo","0","Mesin destilasi merupakan salah satu mesin yang digunakan sebagai pengolah minyak atsiri. Mesin ini bisa mengolah berbagai jenis dedaunan dengan memakai sistim penguapan. Untuk bahan yang dipakai dalam pembuatan dari minyak atsiri yaitu daun cengkeh, daun kayu putih, daun sirih, daun kayu manis, daun cendana, dan berbagai jenis daun lainnya yang bisa mengeluarkan minyak. 

Spesifikasi : 
    * Kapasitas 100 liter / proses
    * Tabung reaktan Stainless Steel 304 Food Grade, 3 mm
    * Bahan bakar LPG (bisa dimodifikasi minyak tanah, kayu bakar)
    * Dimensi Panggung : Ø 130 cm dengan tinggi x 130 cm 
    * Tabung Reaktor    : 60 x 60 x 140 cm
    * Kondensor: Ø 45 cm dengan tinggi 140 cm
    * Bak Air : Ø 45 cm tinggi 130 cm
    * Keranjang : Ø 86 cm tinggi 122 cm
    * Boiler       : Ø 45 cm tinggi 140 cm
   *  Listrik      : 250 watt"
"Retort Sterilisasi 100 Liter Pengawet Olahan Makanan & Bumbu Tanpa Bahan Pengawet | CV Asianindo","0","MESIN RETORT STERILISASI

Mesin retort ini ideal untuk sterilisasi produk makanan dalam kemasan tertutup. Menggunakan suhu tinggi dan tekanan untuk membunuh mikroorganisme berbahaya. Memperpanjang umur simpan produk. Bekerja sesuai Perka BPOM untuk produk steril komersial makanan olahan dalam kemasan non refrigerator. Awet tanpa pendinginan.

SPESIFIKASI
- TIPE MESIN : RVRL_100 OT IJT
- SISTEM KONTROL : OTOMATIS
- BAHAN : STAINLESS STEEL
- SISTEM PENGUNCIAN : RADIAL
- VOLUME TABUNG : 100 LITER
- DIMENSI TABUNG : 50 X 60 CM
- TEMPERATUR DIGITAL : SUPPORT DATA LOGGER
- MESIN PENDUKUNG : 1 SET BOILER
- PELENGKAP : 1 SET KOMPOR + REGULATOR"
"Mesin Cetak Bakso Otomatis Kapasitas Besar 280 Butir/ Menit | CV Asianindo","0","Mesin Pencetak Bakso CV Asianindo adalah solusi tepat untuk meningkatkan produktivitas usaha bakso Anda. Dengan kapasitas produksi hingga 280 butir bakso per menit, mesin ini membantu mencetak bakso secara cepat, seragam, dan higienis sehingga usaha Anda semakin efisien.

Spesifikasi Mesin:
- Voltase: 220–240V
- Frekuensi: 50/60Hz
- Daya Listrik: 1.100 Watt
- Kapasitas Produksi: 280 butir/menit
- Kecepatan Aduk: 1.420 rpm
- Ukuran Cetak Bakso: 18 mm / 26 mm / 39 mm (dapat disesuaikan sesuai kebutuhan kecil-besarnya bakso)
- Berat Mesin: 74 Kg
- Dimensi (P x L x T): 750 x 450 x 1250 mm

Keunggulan Mesin Pencetak Bakso CV Asianindo:
-Meningkatkan kapasitas produksi dengan cepat dan stabil
- Hasil bakso lebih seragam dan higienis
- Ukuran cetak fleksibel sesuai kebutuhan usaha
- Desain kokoh dan tahan lama, cocok untuk usaha kecil hingga industri
- Hemat tenaga kerja, hemat waktu, dan lebih efisien

Cocok Digunakan Untuk:
- Usaha bakso skala kecil hingga besar
- Restoran, katering, dan dapur produksi makanan olahan

Dengan Mesin Pencetak Bakso CV Asianindo, Anda dapat memproduksi bakso lebih banyak dalam waktu singkat dan menjaga kualitas produk tetap konsisten."
"Mesin Packaging Otomatis Kapasitas 250 Gram (Pengemas) Asianindo","0","Mesin Pengemas Otomatis (Packaging)

Merupakan mesin yang berfungsi untuk mengemas berbagai macam produk secara otomatis. kemasan produk yang menarik akan meningkatkan daya tarik suatu produk pada saat di jual.
Kondisi baru dan bergaransi.
Ada setelan untuk pengaturan berat kemasan, mulai berat 5 gram, 10 gram, 50 gram, sampai 250 gram.
 
Beberapa contoh kemasan untuk mesin packaging otomatis :
- packing gula pasir
- packing cairan
- pengemas kopi
- pengemas bubuk 
- dll

Daya listrik 1800 watt
Berat mesin +- 350 kg
Material pengemas Al + PE ,OPP + PE, NY + PE , dan bahan kertas pengemas lain."
"Mesin Pirolisis Sampah Plastik Kapasitas 50 Kg CV Asianindo","0","Mesin Pirolisis Plastik adalah alat pengolah limbah plastik menggunakan panas tinggi dalam kondisi minim oksigen untuk mengubah plastik menjadi bahan bakar cair seperti premium, minyak tanah, solar ringan, serta gas yang dapat dimanfaatkan kembali sebagai sumber panas. Teknologi ini menjadi solusi modern untuk mengurangi limbah plastik sekaligus menghasilkan produk bernilai tinggi yang dapat dimanfaatkan untuk kebutuhan industri maupun energi.

Dengan metode pemanasan tertutup, proses pirolisis memecah struktur plastik tanpa pembakaran terbuka, sehingga lebih aman, efisien, dan ramah lingkungan. Mesin ini cocok digunakan untuk pengusaha daur ulang, pengolahan limbah, hingga industri skala kecil dan menengah.

Spesifikasi Mesin:
* Kapasitas 50 kg / proses
* Material Stainless Steel 3 mm (kecuali bagian dudukan/jagrak)
* Komponen lengkap: tabung reaktor, kondensor pendingin, pipa penyalur gas, dan bak sirkulasi air
* Dilengkapi: pressure gauge (Pengatur Suhu otomatis dan manual)
* Fitur Termometer Ruangan Terpasang|
* Bahan Bakar : Oli Bekas
* Dilengkapi Safety Valve, Pengukur Tekanan, dan Kran Hasil
* Dilengkapi Penahan panas di sekeliling tabung utama reaktor
* Hasil minyak terbagi 2 : Setara Solar dan Premium
* Dilengkapi Set Kompor

Cara Kerja Mesin Pirolisis Plastik:
1. Pemanasan
Plastik (jenis PP, PE, dan sejenisnya) dimasukkan ke dalam reaktor, kemudian dipanaskan hingga suhu tinggi sekitar 350–500°C dalam kondisi tanpa oksigen.
2. Penguraian (Thermal Cracking)
Pada suhu tinggi ini, plastik mulai terurai menjadi gas hidrokarbon. Gas tersebut kemudian dialirkan menuju kondensor.
3. Kondensasi & Pemurnian
Gas hasil pirolisis didinginkan dalam kondensor hingga berubah menjadi cairan bahan bakar seperti:
* Minyak pirolisis (setara premium)
* Solar ringan

Sementara residu padat dapat digunakan sebagai carbon black, dan sebagian gas dapat dipakai kembali sebagai bahan bakar pemanas."
"Mesin Vacuum Drying 4 Rak CV Asianindo","0","Mesin vacuum drying adalah alat untuk mengeringkan produk pada suhu rendah secara konstan.  Cara kerjanya hanya melakukan pemanasan pada produk disertai dengan proses pemakuman (hampa).

Spesifikasi :

Model : 4 Rak 
Kapasitas : 4kg - 8kg
Dimensi : 150 x 122 x 160 cm
Bahan : Stainless Steel
Daya : 750 Watt
Pemanas : Kompor LPG
Suhu : Terkontrol Otomatis"
"Mesin Mixer VCO 50 Liter CV Asianindo","0","Mesin Mixer VCO ini dirancang khusus untuk mendukung proses produksi Virgin Coconut Oil (VCO) agar lebih homogen, efisien, dan konsisten. Mesin ini sangat cocok digunakan oleh pelaku usaha VCO, UMKM, hingga skala industri kecil yang membutuhkan proses pencampuran dengan hasil maksimal dan standar higienis.

Seluruh bagian mesin menggunakan bahan stainless steel, sehingga aman untuk produk pangan, tahan korosi, dan mudah dibersihkan. Dengan kapasitas 50 liter per proses, mesin ini mampu meningkatkan kapasitas produksi sekaligus menjaga kualitas VCO yang dihasilkan.

Spesifikasi Produk:
- Kapasitas: 50 Liter / proses
- Bahan mesin: Stainless Steel
- Berat mesin: ±250 kg
- Sistem pengadukan stabil dan merata
- Konstruksi kokoh untuk penggunaan jangka panjang

Informasi & pemesanan:
Silakan hubungi admin kami untuk konsultasi spesifikasi dan kebutuhan mesin sesuai kapasitas usaha Anda."
"Packing Kayu - Tambahan Perlindungan Ekstra untuk Pengiriman Aman","0","Perlindungan Ekstra untuk Pengiriman Aman Packing Kayu ini dirancang khusus untuk memberikan perlindungan ekstra pada mesin selama proses pengiriman. Keunggulan Produk: - Perlindungan ekstra untuk barang mudah pecah - Ideal untuk pengiriman jarak jauh Dengan menggunakan packing kayu ini, Anda dapat memastikan barang Anda tiba dengan aman di tempat tujuan, memberikan ketenangan pikiran saat mengirimkan barang-barang berharga Anda."
"3 Warna Mesin Sablon Asianindo (Rotogravure)","0","MESIN SABLON PLASTIK

Mesin Sablon Plastik 3 Warna. 
Spesifikasi:
- Bodi UNP/Plat esser 
- As mild steel 
- Panjang 350 cm x lebar 140cm x tinggi 170cm 
- Lebar media max 55cm 
- Kecepatan max 50rpm 
- Motor 2,5 HP VS (Variable Speed) 
- Blower 3x150 watt 
- Motor roll 0,5 HP VS 
- Heater (Pemanas) 
- Tension 1 
- Gearbox

catatan : 
Spek bisa berubah tergantung permintaan pembeli. garansi 1 tahun setelah mesin sampai di lokasi dan dipandu oleh ahli di bidangnya."
"Mesin Sortasi Kopi 3 Tingkat Asianindo","0","Spesifikasi : 

- Tipe: Meja Getar
- Meja Sortasi: Terdiri dari 3 buah ayakan Disusun bertingkat, bahan Stainless Steel Ayakan atas 8mm,Tengah 6mm dan bawah 4mm
- Penggerak Motor Listrik  1pk 220v
- Kerangka penyangga: Besi profil kotak
- Penggerak: Motor listrik 1PK, 220 v
- Sistem tranmisi: Pulley dan sabuk vbelt"
"Mesin Sortasi Kapasitas 500 Kg full stainless untuk menyortir kerang, biji kakao, biji kopi, dll Asianindo","0","Mesin sortasi adalah mesin yang berfungsi untuk memisahkan bahan-bahan berdasarkan ukuran, bentuk, warna, densitas, dan tekstur. Mesin sortasi dapat digunakan untuk memisahkan biji-bijian seperti kedelai, kopi, dan beras. 

Tujuan dari sortasi adalah untuk mendapatkan kualitas yang lebih baik dan seragam, serta untuk memberikan standarisasi dan perbaikan cara pengolahan. 

spesifikasi : 
- kapasitas 500 kg per proses ( continue )
- model getar 
- bahan full stainless
- penggerak dinamo 1 hp
- daya listrik 900 watt
- untuk lubang sortasi bisa custom sesuai permintaan.

melayani pengadaan kebutuhan untuk dinas maupun swasta"
"Mesin Pendingin Susu 50 Liter CV Asianindo","0","Mesin Pendingin Susu Kapasitas 50 Liter (Cooling Tank Stainless Steel)

Mesin Pendingin Susu 50L atau Cooling Tank digunakan untuk mendinginkan produk cair dengan suhu yang dapat disesuaikan. Mesin ini banyak digunakan pada industri makanan dan minuman, khususnya produk berbasis liquid yang membutuhkan suhu stabil dan merata.

Dilengkapi control panel untuk mengatur suhu dan kinerja mesin. Sistem tangki double jacket dengan lapisan isolasi membantu menjaga suhu tetap stabil selama proses pendinginan.

Spesifikasi Lengkap
Kapasitas tangki: 50 Liter
Dimensi: Ø 500 x Tinggi 600 mm
Material tangki: Plat HL dengan Polyurethane
Sistem pengaduk: Paddle + Elektro Motor (36 RPM)
Rangka: Pipa kotak stainless steel
Sistem pendingin: Kompresor 2 HP

Kelebihan Produk
Pendinginan lebih cepat dan merata
Suhu stabil untuk produk cair
Kompresor full cover stainless steel
Desain sederhana dan kokoh
Mudah dioperasikan dan dirawat

Cocok Untuk Produksi:
Pendinginan susu
Produk minuman cair
Bahan makanan berbasis liquid
Proses produksi industri makanan & minuman

Kualitas & Keamanan:Menggunakan material stainless steel food grade yang aman untuk produk makanan dan minuman. Cocok untuk kebutuhan produksi skala UMKM hingga industri kecil."
"Mesin Cetak Bakso Otomatis Kapasitas Besar 280 Butir/ Menit | CV Asianindo","0","Mesin Pencetak Bakso CV Asianindo adalah solusi tepat untuk meningkatkan produktivitas usaha bakso Anda. Dengan kapasitas produksi hingga 280 butir bakso per menit, mesin ini membantu mencetak bakso secara cepat, seragam, dan higienis sehingga usaha Anda semakin efisien.

Spesifikasi Mesin:
- Voltase: 220–240V
- Frekuensi: 50/60Hz
- Daya Listrik: 1.100 Watt
- Kapasitas Produksi: 280 butir/menit
- Kecepatan Aduk: 1.420 rpm
- Ukuran Cetak Bakso: 18 mm / 26 mm / 39 mm (dapat disesuaikan sesuai kebutuhan kecil-besarnya bakso)
- Berat Mesin: 74 Kg
- Dimensi (P x L x T): 750 x 450 x 1250 mm

Keunggulan Mesin Pencetak Bakso CV Asianindo:
-Meningkatkan kapasitas produksi dengan cepat dan stabil
- Hasil bakso lebih seragam dan higienis
- Ukuran cetak fleksibel sesuai kebutuhan usaha
- Desain kokoh dan tahan lama, cocok untuk usaha kecil hingga industri
- Hemat tenaga kerja, hemat waktu, dan lebih efisien

Cocok Digunakan Untuk:
- Usaha bakso skala kecil hingga besar
- Restoran, katering, dan dapur produksi makanan olahan

Dengan Mesin Pencetak Bakso CV Asianindo, Anda dapat memproduksi bakso lebih banyak dalam waktu singkat dan menjaga kualitas produk tetap konsisten."
"Mesin Pirolisis Sampah Plastik Kapasitas 5 Kg CV Asianindo","0","Mesin Pirolisis Plastik adalah alat pengolah limbah plastik menggunakan panas tinggi dalam kondisi minim oksigen untuk mengubah plastik menjadi bahan bakar cair seperti premium, minyak tanah, solar ringan, serta gas yang dapat dimanfaatkan kembali sebagai sumber panas. Teknologi ini menjadi solusi modern untuk mengurangi limbah plastik sekaligus menghasilkan produk bernilai tinggi yang dapat dimanfaatkan untuk kebutuhan industri maupun energi.

Dengan metode pemanasan tertutup, proses pirolisis memecah struktur plastik tanpa pembakaran terbuka, sehingga lebih aman, efisien, dan ramah lingkungan. Mesin ini cocok digunakan untuk pengusaha daur ulang, pengolahan limbah, hingga industri skala kecil dan menengah.

Spesifikasi:
- Kapasitas 5 kg / proses
- Material Stainless Steel 3 mm (kecuali bagian dudukan/jagrak)
- Komponen lengkap: tabung reaktor, kondensor pendingin, pipa penyalur gas, dan bak sirkulasi air
- Reaktor diameter 60 cm, tinggi 180 cm
- Dilengkapi: pressure gauge (Pengatur Suhu otomatis dan manual)
- Fitur Termometer Ruangan Terpasang
- Bahan Bakar : Oli Bekas
- Dilengkapi Safety Valve, Pengukur Tekanan, dan Kran Hasil
- Dilengkapi Penahan panas di sekeliling tabung utama reaktor
- Hasil minyak terbagi 2 : Setara Solar dan Premium
- Dilengkapi Set Kompor 

Cara Kerja Mesin Pirolisis Plastik:
1. Pemanasan
Plastik (jenis PP, PE, dan sejenisnya) dimasukkan ke dalam reaktor, kemudian dipanaskan hingga suhu tinggi sekitar 350–500°C dalam kondisi tanpa oksigen.
2. Penguraian (Thermal Cracking)
Pada suhu tinggi ini, plastik mulai terurai menjadi gas hidrokarbon. Gas tersebut kemudian dialirkan menuju kondensor.
3. Kondensasi & Pemurnian
Gas hasil pirolisis didinginkan dalam kondensor hingga berubah menjadi cairan bahan bakar seperti:
- Minyak pirolisis (setara premium)
- Solar ringan

Sementara residu padat dapat digunakan sebagai carbon black, dan sebagian gas dapat dipakai kembali sebagai bahan bakar pemanas."
"Meja Stainless Dimensi: 120 x 70 x 85 cm Furniture Asianindo","0","Deskripsi Produk:

- Nama Produk: meja stainless
- Dimensi: 120 x 70 x 85 cm"
"Mesin Destilasi Minyak Nilam Atsiri 500 Liter CV Asianindo","0","Mesin destilasi merupakan salah satu mesin yang digunakan sebagai pembuat minyak atsiri. Mesin ini bisa mengolah berbagai jenis dedaunan dengan memakai sistim penguapan. Untuk bahan yang dipakai dalam pembuatan dari minyak atsiri yaitu daun cengkeh, daun kayu putih, daun sirih, daun kayu manis, daun cendana, dan berbagai jenis daun lainnya yang bisa mengeluarkan minyak.

Spesifikasi :
* Kapasitas 500 liter / proses
* Tabung reaktan Stainless Steel 304 Food Grade, 3 mm
* Bahan bakar LPG (bisa dimodifikasi minyak tanah, kayu bakar)

️Keunggulan:
- Hasil minyak atsiri murni dan berkualitas tinggi
- Material stainless steel higienis & tahan lama
- Proses efisien dengan sistem penguapan modern
- Cocok untuk industri minyak atsiri, penelitian, hingga produksi herbal alami

Tingkatkan produktivitas dan kualitas hasil destilasi Anda bersama CV Asianindo – Mesin Hebat, Usaha Kuat!"
"Mesin Press Kemiri Kapasitas Continue 10 - 20 kg Per Proses","0","Mesin Press Kemiri – Kapasitas Kontinu 10–20 Kg/Proses | CV Asianindo

Ingin hasil perasan kemiri lebih maksimal, bersih, dan cepat?
Mesin Press Kemiri CV Asianindo hadir untuk membantu proses produksi minyak kemiri menjadi lebih efisien dan higienis. Cocok untuk usaha minyak herbal, kosmetik, minyak rambut, hingga industri rumahan dan UMKM.

✅ Spesifikasi Mesin
- Kapasitas kerja: 10–20 kg per proses (kontinu)
- Motor dinamo: 3 HP
- Bahan plat: Stainless steel (food grade, mudah dibersihkan)
- Rangka: Besi kuat & kokoh
- Gearbox: WPA ratio 1:60
- Tipe sistem: Screw press (tekanan maksimal, hasil optimal)
- Daya listrik: ± 1200 Watt / 220V

🎯 Cocok Untuk
- Produksi minyak kemiri murni
- Home industry minyak rambut/herbal
- UMKM produksi kosmetik alami
- Produsen bahan baku kecantikan & Kesehatan

Dapatkan mesin berkualitas langsung dari pabrik dan dukungan teknis kami!
Hubungi admin untuk konsultasi dan penawaran terbaik 💬

CV Asianindo — Mesin Hebat, Usaha Kuat"
"Mesin Pirolisis Sampah Plastik Kapasitas 30 Kg CV Asianindo","0","Mesin Pirolisis Plastik adalah alat pengolah limbah plastik menggunakan panas tinggi dalam kondisi minim oksigen untuk mengubah plastik menjadi bahan bakar cair seperti premium, minyak tanah, solar ringan, serta gas yang dapat dimanfaatkan kembali sebagai sumber panas. Teknologi ini menjadi solusi modern untuk mengurangi limbah plastik sekaligus menghasilkan produk bernilai tinggi yang dapat dimanfaatkan untuk kebutuhan industri maupun energi.

Dengan metode pemanasan tertutup, proses pirolisis memecah struktur plastik tanpa pembakaran terbuka, sehingga lebih aman, efisien, dan ramah lingkungan. Mesin ini cocok digunakan untuk pengusaha daur ulang, pengolahan limbah, hingga industri skala kecil dan menengah.

Spesifikasi Mesin:
* Kapasitas 30 kg / proses
* Material Stainless Steel 3 mm (kecuali bagian dudukan/jagrak)
* Komponen lengkap: tabung reaktor, kondensor pendingin, pipa penyalur gas, dan bak sirkulasi air
* Dilengkapi: pressure gauge (Pengatur Suhu otomatis dan manual)
* Fitur Termometer Ruangan Terpasang|
* Bahan Bakar : Oli Bekas
* Dilengkapi Safety Valve, Pengukur Tekanan, dan Kran Hasil
* Dilengkapi Penahan panas di sekeliling tabung utama reaktor
* Hasil minyak terbagi 2 : Setara Solar dan Premium
* Dilengkapi Set Kompor

Cara Kerja Mesin Pirolisis Plastik:
1. Pemanasan
Plastik (jenis PP, PE, dan sejenisnya) dimasukkan ke dalam reaktor, kemudian dipanaskan hingga suhu tinggi sekitar 350–500°C dalam kondisi tanpa oksigen.
2. Penguraian (Thermal Cracking)
Pada suhu tinggi ini, plastik mulai terurai menjadi gas hidrokarbon. Gas tersebut kemudian dialirkan menuju kondensor.
3. Kondensasi & Pemurnian
Gas hasil pirolisis didinginkan dalam kondensor hingga berubah menjadi cairan bahan bakar seperti:
* Minyak pirolisis (setara premium)
* Solar ringan

Sementara residu padat dapat digunakan sebagai carbon black, dan sebagian gas dapat dipakai kembali sebagai bahan bakar pemanas."
"Mesin Power Shreder Pengancur Kayu, Ranting, Batang, dan Benda Keras Lainnya Asianindo","0","Mesin power shreder : 
Mesin power shredder adalah mesin yang dirancang untuk menghancurkan atau mencacah berbagai material menjadi potongan-potongan kecil atau serpihan. Fungsinya bervariasi, mulai dari pengelolaan sampah, penghancuran dokumen, hingga pengolahan material untuk daur ulang atau produksi bahan bakar alternatif. 

Beberapa kelebihan menggunakan mesin shredder adalah:
- Pengurangan volume: 
Material yang dihancurkan akan memiliki volume yang lebih kecil, sehingga lebih mudah ditangani. 
- Memudahkan daur ulang:
Material yang dihancurkan dapat dipisahkan dan diproses ulang dengan lebih mudah. 
- Meningkatkan keamanan:
Dokumen yang dihancurkan tidak dapat dibaca atau digunakan kembali, menjaga kerahasiaan informasi. 
- Alternatif bahan bakar:
Beberapa material yang dihancurkan dapat digunakan sebagai bahan bakar alternatif. "
"Mesin Sangrai Kopi kapasitas 5 kg Asianindo","0","- Ideal untuk Pengolahan Berbagai Bahan -
Mesin sangrai roasting stainless ini sangat berguna untuk mensangrai berbagai macam bahan. Cocok untuk kopi, jahe, pelet, dan beras. Dengan kapasitas 5 kg, mesin ini memungkinkan Anda untuk menghasilkan sangrai dalam jumlah yang cukup besar. Sangrai bahan-bahan ini menjadi pilihan tepat untuk kebutuhan Anda.

- Spesifikasi dan Fungsi - 
Mesin ini dirancang khusus untuk proses sangrai. Terbuat dari material stainless, membuatnya tahan lama dan mudah dibersihkan. Tidak hanya untuk kopi, mesin ini juga cocok untuk jahe, pelet, dan beras. Nikmati kemudahan dalam mengolah bahan dengan mesin sangrai ini."
"Mesin Destilasi Minyak Nilam Atsiri 10 Liter CV Asianindo","0","Mesin destilasi merupakan salah satu mesin yang digunakan sebagai pengolah minyak atsiri. Mesin ini bisa mengolah berbagai jenis dedaunan dengan memakai sistim penguapan. Untuk bahan yang dipakai dalam pembuatan dari minyak atsiri yaitu daun cengkeh, daun kayu putih, daun sirih, daun kayu manis, daun cendana, dan berbagai jenis daun lainnya yang bisa mengeluarkan minyak.    

Spesifikasi :
* Kapasitas 10 kg / proses
* Tabung reaktan Stainless Steel Food Grade, 3 mm
* Bahan bakar LPG (bisa dimodifikasi minyak tanah, kayu bakar)
* Dimensi Tabung : Ø 50 cm keseluruhan 66 cm x 66 cm x 150 cm
* Keranjang Ø 46 cm dengan tinggi 59 cm
* Kondensor Ø 39 cm keseluruhan 58 cm x 58 cm x 126 cm
* Boiler Ø 41 x 90 cm
* Listrik 250 watt"
"Mesin Rotary Dryer Statis 200Kg Pengering Makanan CV Asianindo","0","Mesin Rotary Dryer Dapat digunakan untuk mengeringkan gabah, jagung, kedelai, kopi, cengkeh, kayu manis, jahe, kunyit, lengkuas, kedelai, kerupuk, kunir, kemiri, rempah -rempah lainnya.

Dilengkapi panel otomatis :
- Dapat men-setting suhu sesuai kebutuhan produk yang akan dikeringkan
- Dapat men-setting waktu yang dibutuhkn untuk mengeringkan

Spesifikasi :
- Material bahan tabung plat besi
- Rangka unp 5
- Panjang : 120 cm
- Diameter : 70 cm
- Kapasitas : 200 kg/proses
- Penggerak : motor listrik 1,5 hp atau diesel 7 pk
- Pemanas : Jet Burner / oli bekas
- BBM : Lpg

keterangan lain : 
bisa menyesuaikan bahan material tabung dan rangka sesuai permintaan info lebih lanjut bisa menghubungi admin kami 


BAHAN BAKAR PILIHAN:
1. GAS LPG
2. LISTRIK / ELEMENT"
"Mesin Vacuum Frying 1,5kg TKDN Kemenperin - Paket Usaha Keripik Buah (Free Spinner & Kompor).","0","MESIN VACUUM FRYING

Mesin ini berfungsi untuk : memproduksi kripik atau camilan  jadi, yang berbahan dasar dari buah - buahan atau umbi - umbian. cocok untuk para pengusaha yang ingin membuat usaha keripik buah nya semakin cepat dan mudah, sebelum dikirim k lokasi sebelumnya sudah kami tes dan uji coba mesin tersebut. sehingga tidakmenimbulkan kendala pada saat digunakan oleh konsumen. cara penggunaan sangat mudah, ada dilengkapi buku panduan dan tutorial dari ahli nya. 

nb : free spinner dan kompor. disertai juga buku panduan penggunaan mesin nya.
garansi 1 tahun ( non sparepart). 
pada saat pengoperasian mesin 
akan dipandu oleh ahlinya.

note :
Toko kami juga menyediakan semua kebutuhan mesin yang anda  butuhkan, baik untuk kebutuhan  pribadi maupun untuk pengadaan di dinas pemerintahan ( Tender )
info lebih lanjut bisa menghubungi  Admin kami 

deskripsi produk :
- Kapasitas 1,5 kg on proses
- Dimensi 90 cm × 80 cm × 58 cm
- Tabung D 30 cm × P 45 cm
- Sistem vacuum : Water jet 1/2 HP
- Daya listrik 600 watt / 220 volt
- Suhu terkontrol otomatis
- Kebutuhan minyak 15 liter
- Pemanas kompor LPG
 
Keterangan :
- Unit mesin 100% Baru
- Garansi servis 1 tahun ( non spare part )

MENGAPA HARUS ASIANINDO?
- SERTIFIKASI TKDN: Diakui Kementrian
- Perindustrian (Kualitas Standar Nasional).
- PAKET KOMPLIT: Harga sudah termasuk Spinner Peniris Minyak & Kompor LPG. Tinggal pakai!
- PENDAMPINGAN AHLI: Takut gak bisa pakai?
- Kami pandu via Video Call sampai hasil keripik Anda renyah & cantik.

Cocok bagi para pemula usaha pembuatan keripik buah ( jeruk, apel, nangka, dll ) dan umbi umbian ( kentang, ubi, singkong, dll )."
"ASIANINDO Mesin Vacuum Frying Kapasitas 5 kg untuk Kripik Buah & Camilan Buku Panduan Gratis Spinner Kompor Garansi 1 Tahun","0","MESIN VACUUM FRYING

Mesin Vacuum Frying ini berfungsi untuk : memproduksi kripik atau camilan  jadi, yang berbahan dasar dari buah - buahan atau umbi - umbian. Mesin Vacuum Frying ini cocok untuk para pengusaha yang ingin membuat usaha keripik buah nya semakin cepat dan mudah, sebelum dikirim ke lokasi Mesin Vacuum Frying sebelumnya sudah kami tes dan uji coba mesin tersebut. sehingga tidak menimbulkan kendala pada saat digunakan oleh konsumen. cara penggunaan Mesin Vacuum Frying sangat mudah, ada dilengkapi buku panduan dan tutorial dari ahli nya. 

nb : Mesin Vacuum Frying free spinner dan kompor. disertai juga buku panduan penggunaan mesin nya.
garansi 1 tahun ( non sparepart). 
pada saat pengoperasian mesin 
akan dipandu oleh ahlinya.

note :
Toko kami juga menyediakan semua kebutuhan mesin yang anda  butuhkan, baik untuk kebutuhan  pribadi maupun untuk pengadaan di dinas pemerintahan ( Tender )

Deskripsi Produk Mesin Vacuum Frying  :
- Kapasitas 5 kg on proses
- Sistem vacuum : Water jet 2HP
- Daya listrik 900 watt / 220 volt
- Suhu terkontrol otomatis
- Kebutuhan minyak 75 liter
- Pemanas kompor LPG
 
Keterangan :
 
- Unit mesin 100% Baru
- Garansi servis 1 tahun ( non spare   part ).. 

Cocok bagi para pemula usaha pembuatan keripik buah ( jeruk, apel, nangka, dll ) dan umbi umbian ( kentang, ubi, singkong, dll ). "
"Mesin Roasting Kopi Kapasitas 20kg CV Asianindo","0","Spesifikasi :

· Kapasitas 20kg
· Tebal Bahan Drum 3 mm Stainless steel
· Body Mild Steel
· Rangka Pipa Kotak
· Thermo control digital
· Blower Cyclone dan Blower cooling bean/pendingin
· Burner Tungku 3 baris
· Kelengkapan Lampu, Burn, Stik Checker Kopi, Manometer, Selang dan Regulator
- pada saat awal pengoperasian akan dipandu oleh ahlinya dan kami kawal sampai bisa
- garansi mesin 1 tahun ( non sparepart )."
"Mesin Mini Retort Sterilisasi Kapasitas 50 liter Asianindo","0","Retort menggunakan suhu steril komersial 121 derajat dengan tekanan 6-14 psi 

Dimana mesin ini bekerja sesuai dengan Perka BPOM tentang produk  steril komersil makanan olahan dalam kemasan non refrigerator

Awet tanpa pendinginan.

Spesifikasi:
Kapasitas 60 liter/proses
Dimensi: + 50x50x90 cm
Material: Full Stainless Steel
Keranjang Vorporasi Stainless Steel d:3mm
Burner: LPG Stove
Pressure Gauge
Manual Thermo Control
Safety Valve
Emergency Valve
Operational Pressure 14,5 psi
Operational Temperature 100-110 oC"
"Mesin Presto 25kg Asianindo","0","* Kapasitas : 25 kg
* Bahan Stainless Steel
* Dimensi : 46x46x90 cm
* Rangka MS
* Kontrol tekanan
* Safety Valve
* Gratis Kompor LPG"
"Mesin Spray Dryer 10 Liter Asianindo","0","·  Kapasitas 10Liter Bahan/jam
·  Dimensi 185x175x260 cm
·  Ruang Pengering Stainless steel Food Grade
·  Material Rangka Full Stainless Steel
·  Total Daya 15.000 Watt
·  Air Compressor 3HP
·  Heater Elektrik 13.000 Watt
·  Blower 2pcs, 600 Watt
·  Cyclone stainless steel Food Grade
·  1 Buah Tabung Dinding, 1 Buah Pemanas Atas"
"Mesin Vacuum Frying 5kg TKDN Kemenperin - Paket Usaha Keripik Buah (Free Spinner & Kompor).","0","MESIN VACUUM FRYING

Mesin Vacuum Frying ini berfungsi untuk : memproduksi kripik atau camilan  jadi, yang berbahan dasar dari buah - buahan atau umbi - umbian. Mesin Vacuum Frying ini cocok untuk para pengusaha yang ingin membuat usaha keripik buah nya semakin cepat dan mudah, sebelum dikirim ke lokasi Mesin Vacuum Frying sebelumnya sudah kami tes dan uji coba mesin tersebut. sehingga tidak menimbulkan kendala pada saat digunakan oleh konsumen. cara penggunaan Mesin Vacuum Frying sangat mudah, ada dilengkapi buku panduan dan tutorial dari ahli nya. 

nb : Mesin Vacuum Frying free spinner dan kompor. disertai juga buku panduan penggunaan mesin nya.
garansi 1 tahun ( non sparepart). 
pada saat pengoperasian mesin 
akan dipandu oleh ahlinya.

note :
Toko kami juga menyediakan semua kebutuhan mesin yang anda  butuhkan, baik untuk kebutuhan  pribadi maupun untuk pengadaan di dinas pemerintahan ( Tender )

Deskripsi Produk Mesin Vacuum Frying  :
- Kapasitas 5 kg on proses
- Sistem vacuum : Water jet 2HP
- Daya listrik 900 watt / 220 volt
- Suhu terkontrol otomatis
- Kebutuhan minyak 75 liter
- Pemanas kompor LPG
 
Keterangan :
- Unit mesin 100% Baru
- Garansi servis 1 tahun ( non spare part )

MENGAPA HARUS ASIANINDO?
- SERTIFIKASI TKDN: Diakui Kementrian
- Perindustrian (Kualitas Standar Nasional).
- PAKET KOMPLIT: Harga sudah termasuk Spinner Peniris Minyak & Kompor LPG. Tinggal pakai!
- PENDAMPINGAN AHLI: Takut gak bisa pakai?
- Kami pandu via Video Call sampai hasil keripik Anda renyah & cantik. 

Cocok bagi para pemula usaha pembuatan keripik buah ( jeruk, apel, nangka, dll ) dan umbi umbian ( kentang, ubi, singkong, dll ). "
"Mesin Ekstraktor Kapasitas 100 Liter CV Asianindo","0","mesin ekstrak kapasitas 100 liter per proses , mesin yang berfungsi untuk merubah cair menjadi bubuk / serbuk.
keterangan produk :
- Mengeringkan bahan ekstrak dengan cepat dan efisien
- Mengurangi kadar air dalam ekstrak untuk memperpanjang umur simpan
- Mempertahankan kualitas dan kandungan nutrisi dari bahan ekstrak
- Menghasilkan ekstrak yang kering dan mudah disimpan atau diolah lebih lanjut
- Dilengkapi dengan suhu dan waktu pengeringan yang dapat diatur sesuai kebutuhan
- Desain yang kompak dan mudah dioperasikan.

Spesifikasi ;
* Bahan Full Stainless Steel
* Tabung Double Jacket
* Suhu Terkontrol Otomatis
* Pengaduk otomatis
* free kompor

Nb: sebelum mesin kami kirim sudah kami uji coba ( trial ). jadi tidak ada kendala pada saat tiba di lokasi."
"MESIN PIROLOSIS ( PENGUBAH LIMBAH ORGANIK MENJADI BAHAN BAKAR )","0","<span><span>Mesin pirolisis adalah <span>alat yang menggunakan panas tinggi dalam kondisi minim atau tanpa oksigen untuk mengolah limbah organik atau sampah, mengubahnya menjadi produk lain seperti bahan bakar cair, gas, atau produk kimia</span>. Mesin ini berperan penting dalam pengelolaan sampah, terutama plastik, dan dapat menghasilkan produk yang bernilai tambah. </span></span>
<span><span>Spesifikasi :</span></span>
<ul><li>Bahan full stainless Steel</li><li>Dimensi menyesuaikan permintaan</li><li>Bahan bakar gas, kayu bakar, oli bekas dll</li><li>Di lengkapi safety Valve  </li></ul>
<span><span>Cara Kerja Mesin Pirolisis:</span></span><ol><li><strong><span><span>1. Pemanasan:</span></span></strong></li><li><span><span>Limbah organik atau sampah dimasukkan ke dalam reaktor dan dipanaskan pada suhu tinggi (misalnya, 300-800°C) tanpa adanya oksigen. </span></span></li><li><strong><span>2. Penguraian:</span></strong></li><li><span><span>Proses pirolisis menyebabkan bahan organik terurai menjadi molekul yang lebih kecil, menghasilkan gas, minyak, dan residu padat. </span></span></li><li><strong><span>3. Pemurnian:</span></strong></li><li><span><span>Produk gas dan minyak dapat dipisahkan dan dimurnikan untuk digunakan lebih lanjut, sedangkan residu padat dapat diolah menjadi karbon aktif atau produk lain. </span></span></li></ol>"
"Mesin Granulator Pupuk 20 Kg Asianindo","0","Spesifikasi :

- Penggerak Electric Motor 1 HP + Gear Box
- Material Besi Plat Mild Steel
- Rangka Besi UNP"
"Mesin Evaporator Vacuum 100 liter Listrik Asianindo","0","MESIN EVAPORATOR VACUM

Kegunaan:
Untuk mengurangi kadar air/mengentalkan cairan: minyak, VCO, madu, susu,dll.), metode nya dengan cara kandungan air 
dipanaskan dan diuapkan, kemudian kandungan air tadi 
di keluarkan dengan cara di Vacum.

spesifikasi produk :

* Kapasitas: 100 Liter / Proses
*Bahan Stainless Steel
*Pemanas heater
*Kontrol Suhu Otomatis
*Tabung Double Jacket
* Dimensi Total: 150x80x165 cm
* Rpm : 30 rpm
* Listrik :1300 watt, 220V

garansi 1 tahun ( non sparepart). 
pada saat pengoperasian mesin 
akan dipandu oleh ahlinya.

note :
Toko kami juga menyediakan semua kebutuhan mesin yang anda  butuhkan, baik untuk kebutuhan pribadi  maupun untuk pengadaan di dinas  pemerintahan ( Tender )
info lebih lanjut bisa menghubungi  Admin kami "
"Mesin Pasteurisasi susu 25 Liter CV Asianindo","0","Mesin pasteurisasi digunakan untuk pasteurisasi produk minuman dan produk cair (misalnya : susu segar, sirup, sari buah, dan lain-lain) sebelum dikemas.
Fungsi pasteurisasi ini adalah untuk mensterilkan produk dari bakteri penyebab penyakit pada suhu yang tidak terlalu tinggi, sehingga tidak merusak produk.

Spesifikasi  :

* Kapasitas 25 Liter / proses
* Dimensi 80 cm x 65 cm x 115 cm
* Listrik 200 watt, 220 V
* Kecepatan mixer 140 rpm
* Bahan full stainless steel
* Pemanas  kompor LPG
* Suhu Terkontrol otomatis
* Tabung double jacket (air / minyak)"
"Mesin Roasting Kopi Kapasitas 50kg CV Asianindo","0","Spesifikasi :

· Kapasitas 50kg
· Tebal Bahan Drum 5 mm Stainless steel
· Body Mild Steel
· Rangka Pipa Kotak
· Thermo control digital
· Blower Cyclone dan Blower cooling bean/pendingin
· Burner Tungku 3 baris
· Kelengkapan Lampu, Burn, Stik Checker Kopi, Manometer, Selang dan Regulator

- pada saat awal pengoperasian akan dipandu oleh ahlinya dan kami kawal sampai bisa
- garansi mesin 1 tahun ( non sparepart )."
"Mesin Kristalisasi Gula Semut Asianindo","0","Mesin Kristalisasi Gula Semut

Bahan Body Wajan: Terbuat dari Stainless Steel yang tahan lama dan mudah dibersihkan.
Rangka Besi UNP: Menjamin kekuatan dan daya tahan mesin.
Penggerak Elektromotor 1 HP: Menghasilkan tenaga yang cukup untuk operasional mesin.

Mesin kristalisasi gula semut ini dirancang dengan spesifikasi bahan yang jelas. Body wajan menggunakan Stainless Steel, sementara rangka besi UNP menambah kestabilan. Penggeraknya adalah elektromotor 1 HP, memberikan performa yang diinginkan. Informasi ini penting untuk pemahaman lebih lanjut tentang komponen dan fungsinya. Pastikan untuk mempertimbangkan spesifikasi ini saat membeli."
"Mesin Sangrai Kopi Kapasitas 10 kg Asianindo","0","ASIANINDO Mesin Sangrai Kopi Kapasitas 10 kg

- Ideal untuk Usaha Kecil Menengah -
Mesin Sangrai Kopi ASIANINDO dengan kapasitas 10 kg, dirancang untuk meningkatkan kualitas dan efisiensi proses sangrai biji kopi Anda. Tidak hanya untuk kopi, mesin ini juga andal menyangrai biji-bijian lainnya. Dapatkan hasil sangrai yang optimal dengan mesin ini.

- Fitur Utama:
Kapasitas besar hingga 10 kg.
Cocok untuk berbagai jenis biji.
Meningkatkan kualitas sangrai.

Distributor Resmi: ASIANINDO menawarkan mesin ini untuk memenuhi kebutuhan usaha kecil menengah. Pastikan proses sangrai Anda lebih efisien dan berkualitas dengan mesin ini."
"Mesin Pemarut Cepat Kelapa Asianindo","0","Spesifikasi :

- Bahan  : Stainless Steel"
"Mesin Ekstrak Kapasitas 50liter CV Asianindo","0","mesin ekstrak kapasitas 50liter
pengubah cair menjadi bubuk

keterangan produk :
- Mengeringkan bahan ekstrak dengan cepat dan efisien
- Mengurangi kadar air dalam ekstrak untuk memperpanjang umur simpan
- Mempertahankan kualitas dan kandungan nutrisi dari bahan ekstrak
- Menghasilkan ekstrak yang kering dan mudah disimpan atau diolah lebih lanjut
- Dilengkapi dengan suhu dan waktu pengeringan yang dapat diatur sesuai kebutuhan
- Desain yang simple dan mudah dioperasikan.

Spesifikasi ;
* Bahan Full Stainless Steel
* Tabung Double Jacket
* Suhu Terkontrol Otomatis
* Pengaduk otomatis
* free kompor, selang gas,regulator

Nb: sebelum mesin kami kirim sudah kami uji coba ( trial ). jadi tidak ada kendala pada saat tiba di lokasi.
"
"Meja Stainless Rak 92x70x90 cm Kapasitas 12 Loyang 40x60 cm Asianindo","0","Meja Stainless Rak
-Deskripsi Produk- 
• Meja stainless rak dengan dimensi 92 x 70 x 90 cm. Cocok untuk kebutuhan dapur Anda. Terbuat dari bahan stainless steel yang tahan lama dan mudah dibersihkan. Desainnya memungkinkan penyimpanan 12 loyang ukuran 40 x 60 cm. Ideal untuk memudahkan pengaturan dapur.

• Spesifikasi Lengkap:
Dimensi: 92 x 70 x 90 cm
Bahan: Stainless steel
Kapasitas: 12 loyang
Ukuran loyang: 40 x 60 cm

Pastikan ruang dapur Anda cukup luas untuk menampung meja ini. Dengan kapasitas 12 loyang, meja ini sangat efisien untuk memasak dalam jumlah banyak."
"Mesin Pemisah Cairan (Sentrifugal) Kap.24 liter CV Asianindo","0","Mesin Sentrifugal VCO berfungsi untuk memutar bahan baku santan kelapa secara stabil pada sebuah poros dengan memanfaatkan gaya sentrifugasi untuk memecah emulsi senyawa yang ada di dalamnya, sehingga menghasilkan minyak kelapa murni dengan proses cepat dan praktis. Setelah proses sentrifugal santan ini selesai, minyak pun sudah dapat dihasilkan , hanya perlu disempurnakan untuk perhitungan kadar airnya
 
spesifikasi : 
24L 
Bahan stenless
Dimensi :
 Panjang 100 cm
 lebar 80 cm
 tinggi 190 cm
maximal RPM 1700
Dilengkapi inverter model terbaru
Listrik -+ 1200watt
Di lengkapi dengan timer.
 garansi 6 bulan ( non sparepart )"
"Mesin Paket Presto 20 liter dan Spiner Kapasitas 10 kg Asianindo","0","mesin presto yang berfungsi untuk melunakkan daging sapi, duri ikan, dan tulang ayam,  serta berfungsi juga sebagai pengawet makanan dengan metode High pressure.

spesifikasi produk : 
- Material bahan stainless steel
- Dilengkapi dengan manometer untuk mengukur tekanan
- Safety valve
- Tombol on / off untuk spinner 
- Daya listrik 250 watt untuk spinner
- Pemanas kompor gas untuk Mesin presto nya.
keterangan lain : 
- Garansi 6 bulan free sparepart
- Dipandu oleh ahli nya pada saat penggunaan mesin.
- Melayani kegiatan pengadaan mesin baik dinas maupun pemerintahan.

info lebih lanjut bisa menghubungi Admin kami"
"Mesin Penggiling Mesin Diesel biji kopi, beras, kacang, mesin diesel Asianindo","0","Mesin Giling kopi, padi, jagung, biji (Penepung) 

 # paket komplit # 

spesifikasi :
- Mesin merk DONGHAI / JIANGFA
- Rpm 2600
- Kapasitas penepung 300 kg - 500 kg perjam 
- Kapasitas oli mesin 2,5 liter
- Kapasitas tanki bahan bakar bensin / solar 5,8 liter
- Starting system : engkol putar
- Manual book
- Kunci kunci dan part tersedia
- Garansi 6 bulan 

penggunaan mudah dan dipandu oleh ahli nya"
"Vacuum Frying Kapasitas 1,5 kg plus 2 spinner Asianindo Terverifikasi  TKDN","0","mesin vacuum frying kapasitas 1,5 kg di tambah 2 spinner
# mesin yang berfungi untuk membuat segala jenis keripik / snack berbahan dasar buah,sayur, dan umbian
MESIN VACUUM FRYING

Mesin ini berfungsi untuk : memproduksi kripik atau camilan  jadi, yang berbahan dasar dari buah - buahan atau umbi - umbian. cocok untuk para pengusaha yang ingin membuat usaha keripik buah nya semakin cepat dan mudah, sebelum dikirim k lokasi sebelumnya sudah kami tes dan uji coba mesin tersebut. sehingga tidakmenimbulkan kendala pada saat digunakan oleh konsumen. cara penggunaan sangat mudah, ada dilengkapi buku panduan dan tutorial dari ahli nya. 

nb : free spinner dan kompor. disertai juga buku panduan penggunaan mesin nya.
garansi 1 tahun ( non sparepart). 
pada saat pengoperasian mesin 
akan dipandu oleh ahlinya.

note :
Toko kami juga menyediakan semua kebutuhan mesin yang anda  butuhkan, baik untuk kebutuhan  pribadi maupun untuk pengadaan didinas pemerintahan ( Tender )
info lebih lanjut bisa menghubungi  Admin kami 
deskripsi produk :
- Kapasitas 1,5 kg on proses
- Dimensi 90 cm × 80 cm × 58 cm
- Tabung D 30 cm × P 45 cm
- Sistem vacuum : Water jet 1/2 HP
- Daya listrik 600 watt / 220 volt
- Suhu terkontrol otomatis
- Kebutuhan minyak 15 liter
- Pemanas kompor LPG
 
Keterangan :
 
- Unit mesin 100% Baru
- Garansi servis 1 tahun ( non spare   part ).. 

Cocok bagi para pemula usaha pembuatan keripik buah ( jeruk, apel, nangka, dll ) dan umbi umbian ( kentang, ubi, singkong, dll )."
"Mesin Sterilisasi UHT Kapasitas 100 liter CV Asianindo","0","MESIN STERILISASI UHT

Mesin Sterilisasi UHT merupakan mesin yang memiliki metode untuk menjaga kualitas pangan yang bersifat cair dengan menggunakan pemanasan intensif dalam waktu cepat. Mesin sterilisasi ini, digunakan untuk mensterilisasi minuman antara lain susu, yogurt, teh, sirup, minuman herbal, dan lain-lain.

Spesifikasi :
- HARGA : Rp.175.000.000
- Kapasitas = 100 ltr/jam
Kelengkapan 
1.Feed tank
2.UHT unit
3.Aseptic tank
4.Thermal oil
5.Water Boiler
6.Cooling Tower

- ⁠Sistem Sterilisasi = indirect
- ⁠Modul UHT menggunakan sistem pemanas steam sudah termasuk internal boiler dengan pemanas electric heater
- ⁠Media pendingin = cooling water
- ⁠Suhu sterilisasi = 60 - 145*C (bisa disetting)
- ⁠Lama holding sterilisasi = 5 - 10 detik
- ⁠Suhu output produk = 30 - 40*C
- ⁠Type heat exchanger = Shell & Tube HE
- ⁠Sistem control operational = automatic PLC & HMI
- ⁠Material = stainless steel SUS 304"
"Mesin Pengaduk Adonan Dodol, Jenang dan Selai Kapasitas 100 liter Asianindo","0","Mesin yang berfungi untuk mengaduk adonan yang akan dijadikan selai, jenang, dodol ( makanan camilan khas jawa ). supaya proses produksi lebih cepat, mudah dan praktis..

 Spesifikasi 
- Tabung bahan full stainless steel food grade
- Frame full stainless
- Sumber daya pemanas kompor LPG
- Tabung masak Double jacket
- Kapasitas 100 liter
- Mesin penggerak dinamo 
- Include kompor mata seribu ( tabung gas belum termasuk )."
"Mesin Hummer mill ( penepung ) kapasitas 1 ton per proses","0","mesin penepung kapasitas 1 ton per jam.. 
bisa di aplikasi kan untuk segala jenis bahan baku , baik untuk membuat tepung, pakan ternak, dll"
"Mesin Oven Pengering Kapasitas 5 Rak CV Asianindo","0","Cocok untuk kebutuhan industri yang membutuhkan pengeringan dalam jumlah banyak. cukup luas untuk berbagai jenis produk
* Kapasitas : 5 rak / loyang
* Dimensi : 70x53x104 cm
* Bahan : Full stainless stell
* Listrik blower: 150 watt , 220 V
* Sumber panas : LPG/heater ( salah satu )"
"Mesin Extruder Snack Makanan Ringan Asianindo","0","- Deskripsi Produk -
Mesin ini dirancang khusus untuk produksi snack makanan ringan. Dengan spesifikasi yang jelas, mesin ini menjadi pilihan tepat untuk kebutuhan Anda.

- Spesifikasi Mesin -
Bahan: Full Stainless Steel. Menjamin ketahanan dan keawetan mesin dalam jangka panjang.
Rangka: MS. Memberikan struktur yang kokoh dan tahan lama.
Dinamo Motor: Menggunakan teknologi motor dinamo untuk efisiensi operasional.

- Informasi Tambahan -
Pastikan untuk memilih Mesin Extruder Snack Makanan Ringan ini sesuai dengan kebutuhan Anda. Dengan bahan dan komponen yang disebutkan, mesin ini siap mendukung produksi snack Anda. "
"Mesin Oven Pengering Kapasitas 12 Rak CV Asianindo","0","Oven ini memiliki kapasitas yang cukup besar, mampu menampung hingga 12 rak atau loyang. Ideal untuk kebutuhan memasak dalam jumlah banyak. Cocok untuk restoran atau pabrik makanan. Dimensi dan Bahan:
Dengan dimensi 70x53x180 cm, oven ini mudah ditempatkan di berbagai ruang. Terbuat dari bahan stainless steel, menjamin ketahanan dan keawetan dalam penggunaan jangka panjang. Spesifikasi Listrik:
- Blower: 150 watt, 220 V
- Heater: 750 watt, 220 V
Sistem pendinginan dan pemanasan yang efisien, memastikan proses memasak berjalan optimal. Kompor termasuk dalam sistem ini."
"Mesin Vacuum Frying 50kg TKDN Kemenperin - Paket Usaha Keripik Buah (Free Spinner & Kompor).","0","MESIN VACUUM FRYING kapasitas 50 kg

Mesin ini berfungsi untuk : memproduksi kripik atau camilan  jadi, yang berbahan dasar dari buah - buahan atau umbi - umbian. cocok untuk para pengusaha yang ingin membuat usaha keripik buah nya semakin cepat dan mudah, sebelum dikirim k lokasi sebelumnya sudah kami tes dan uji coba mesin tersebut. sehingga tidakmenimbulkan kendala pada saat digunakan oleh konsumen. cara penggunaan sangat mudah, ada dilengkapi buku panduan dan tutorial dari ahli nya. 

nb : free spinner dan kompor. disertai juga buku panduan penggunaan mesin nya.
garansi 1 tahun ( non sparepart). 
pada saat pengoperasian mesin 
akan dipandu oleh ahlinya.

note :
Toko kami juga menyediakan semua kebutuhan mesin yang anda  butuhkan, baik untuk kebutuhan  pribadi maupun untuk pengadaan didinas pemerintahan ( Tender )

deskripsi produk :
- Kapasitas 50 kg on proses
- Sistem vacuum :3 Water jet 2HP
- Daya listrik 3700 watt / 220 volt
- Suhu terkontrol otomatis
- Kebutuhan minyak 180 liter
- Pemanas 2 kompor LPG
 
Keterangan :
- Unit mesin 100% Baru
- Garansi servis 1 tahun ( non spare part )

MENGAPA HARUS ASIANINDO?
- SERTIFIKASI TKDN: Diakui Kementrian
- Perindustrian (Kualitas Standar Nasional).
- PAKET KOMPLIT: Harga sudah termasuk Spinner Peniris Minyak & Kompor LPG. Tinggal pakai!
- PENDAMPINGAN AHLI: Takut gak bisa pakai?
- Kami pandu via Video Call sampai hasil keripik Anda renyah & cantik."
"Autoclave Sterilizer Kapasitas  Liter","0","Autoclave ( Sterilisasi ) mesin yang berfungsi untuk mensteril kan benda-benda logam,stainless, dll untuk kebutuhan rumah sakit atau laboraturium.. bisa di gunakan juga untuk mempresto bahan bahan makanan..

spesifikasi produk :
- Bahan Stainless steel food grade
- Kapasitas 50 liter
- Sudah dilengkapi dengan insulator atau penahan panas
- Dilengkapi dengan pengatur suhu
- Dilengkapi dengan alarm dan lampu indikator apabila suhu yang diinginkan sudah tercapai
- Bahan bakar menggunakan Gas elpiji
- rangka kuat dan tidak mengembung.

# Ada buku untuk panduan penggunaan mesin Autoclave tersebut"
"Mesin Roasting Kopi Kapasitas 3 kg Plus Pendingin CV Asianindo","0","mesin roasting kopi kapasitas 3 kg 
bagus untuk para pengusaha yang ingin memulai usaha cafe, atau produsen kopi siap saji .. desain elegant dengan dilengkapi sistem otomatisasi membuat produksi lebih cepat dan praktis. 
spesifikasi sebagai berikut : 
Spesifikasi
* Plat tabung tebal 3mm SS
* Coolingbeen 1,2mm
* Control suhu thermo control otomatis dan thermo digital
* Rangka pipa mild steel
* Kompor tungku 3baris
* Kelengkapan 2blower cyclone dan pendingin, selang regulator, alarm, manometer, checker kopi, dan lampu.

- pada saat menggunakan awal akan kami pandu sampai bisa.

# garansi mesin 1 tahun ( non sparepart )
 
# Happy shopping day #"
"Mesin Vacuum Frying 3,5kg TKDN Kemenperin - Paket Usaha Keripik Buah (Free Spinner & Kompor).","0","MESIN VACUUM FRYING

Mesin Vacuum Frying ini berfungsi untuk : memproduksi kripik atau camilan  jadi, yang berbahan dasar dari buah - buahan atau umbi - umbian. Mesin Vacuum Frying ini cocok untuk para pengusaha yang ingin membuat usaha keripik buah nya semakin cepat dan mudah, sebelum dikirim ke lokasi Mesin Vacuum Frying sebelumnya sudah kami tes dan uji coba mesin tersebut. sehingga tidak menimbulkan kendala pada saat digunakan oleh konsumen. cara penggunaan Mesin Vacuum Frying sangat mudah, ada dilengkapi buku panduan dan tutorial dari ahli nya. 

nb : Mesin Vacuum Frying free spinner dan kompor. disertai juga buku panduan penggunaan mesin nya.
garansi 1 tahun ( non sparepart). 
pada saat pengoperasian mesin 
akan dipandu oleh ahlinya.

note :
Toko kami juga menyediakan semua kebutuhan mesin yang anda  butuhkan, baik untuk kebutuhan  pribadi maupun untuk pengadaan di dinas pemerintahan ( Tender )

Spesifikasi mesin Mesin Vacuum Frying : 
- Kapasitas 3,5 kg / proses
- Dimensi 120 cm × 110 cm × 140 cm
- Sistem vacuum : water jett ( 1 hp )
- Daya listrik 750 watt / 220 volt
- Suhu terkontrol otomatis
- Kebutuhan minyak 35 liter 
- Pemanas kompor LPG

MENGAPA HARUS ASIANINDO?
- SERTIFIKASI TKDN: Diakui Kementrian
- Perindustrian (Kualitas Standar Nasional).
- PAKET KOMPLIT: Harga sudah termasuk Spinner Peniris Minyak & Kompor LPG. Tinggal pakai!
- PENDAMPINGAN AHLI: Takut gak bisa pakai?
- Kami pandu via Video Call sampai hasil keripik Anda renyah & cantik.

UNIT MESIN 100% BARUU !!!
MESIN VACUUM FRYING"
"Mini Retort Sterilisasi 100 Liter Asianindo","0","Peralatan Industri Pengolahan Makanan
Mesin retort ini ideal untuk sterilisasi produk makanan dalam kemasan
tertutup. Menggunakan suhu tinggi dan tekanan untuk membunuh mikroorganisme
berbahaya. Memperpanjang umur simpan produk. Bekerja sesuai Perka BPOM untuk
produk steril komersial makanan olahan dalam kemasan non refrigerator. Awet
tanpa pendinginan.
* * *
• Spesifikasi Mesin:
* Kapasitas: 100 liter/proses
* Material: Full Stainless Steel
* Keranjang Vorporasi Stainless Steel d:3mm
* Burner: LPG Stove
* Pressure Gauge
* Manual Thermo Control
* Safety Valve
* Emergency Valve
* * *
Operasional dengan tekanan 14,5 psi dan suhu 100-110 oC. Dilengkapi Safety
Valve dan Emergency Valve untuk keamanan ekstra. Semua komponen dirancang
untuk efisiensi dan keandalan. Sesuai standar BPOM untuk kualitas produk
makanan."
"Mesin Roasting Kopi Kapasitas 10 kg CV Asianindo","0","Spesifikasi :

· Kapasitas 10kg
· Tebal Bahan Drum 3 mm Stainless steel
· Body Mild Steel
· Rangka Pipa Kotak
· Thermo control digital
· Blower Cyclone dan Blower cooling bean/pendingin
· Burner Tungku 3 baris
· Kelengkapan Lampu, Burn, Stik Checker Kopi, Manometer, Selang dan Regulator
- pada saat awal pengoperasian akan dipandu oleh ahlinya dan kami kawal sampai bisa
- garansi mesin 1 tahun ( non sparepart )."
"Mesin Vacuum Frying 25kg TKDN Kemenperin - Paket Usaha Keripik Buah (Free Spinner & Kompor).","0","MESIN VACUUM FRYING

Mesin ini berfungsi untuk : memproduksi kripik atau camilan  jadi, yang berbahan dasar dari buah - buahan atau umbi - umbian. cocok untuk para pengusaha yang ingin membuat usaha keripik buah nya semakin cepat dan mudah, sebelum dikirim k lokasi sebelumnya sudah kami tes dan uji coba mesin tersebut. sehingga tidakmenimbulkan kendala pada saat digunakan oleh konsumen. cara penggunaan sangat mudah, ada dilengkapi buku panduan dan tutorial dari ahli nya. 

nb : free spinner dan kompor. disertai juga buku panduan penggunaan mesin nya.
garansi 1 tahun ( non sparepart). 
pada saat pengoperasian mesin 
akan dipandu oleh ahlinya.

note :
Toko kami juga menyediakan semua kebutuhan mesin yang anda  butuhkan, baik untuk kebutuhan  pribadi maupun untuk pengadaan didinas pemerintahan ( Tender )

deskripsi produk :
- Kapasitas 25 kg on proses
- Diameter tabung 58 cm , panjang 130 cm
- Sistem vacuum :2 Water jet 2HP
- Daya listrik 2500 watt / 220 volt
- Suhu terkontrol otomatis
- Kebutuhan minyak 90 liter
- Pemanas 2 kompor LPG
 
Keterangan :
- Unit mesin 100% Baru
- Garansi servis 1 tahun ( non spare part ).

MENGAPA HARUS ASIANINDO?
- SERTIFIKASI TKDN: Diakui Kementrian
- Perindustrian (Kualitas Standar Nasional).
- PAKET KOMPLIT: Harga sudah termasuk Spinner Peniris Minyak & Kompor LPG. Tinggal pakai!
- PENDAMPINGAN AHLI: Takut gak bisa pakai?
- Kami pandu via Video Call sampai hasil keripik Anda renyah & cantik.

Cocok bagi para pemula usaha pembuatan keripik buah ( jeruk, apel, nangka, dll ) dan umbi umbian ( kentang, ubi, singkong, dll )."
"Mixer Pengaduk Adonan (Dough Mixer) Kapasitas 50 kg Tepung CV Asianindo","0","Dough mixer / mesin pengaduk adonan tepung / roti ( multi fungsi ). dapat digunakan untuk mengaduk adonan mie, donat, kue, cream kocok, telor dll.
 
Spesifikasi :
- Power dinamo 
- Perangkat dan bak full stainless
- bahan stainless full  ( food grade ) 
- kapasitas 50 kg."
"Mesin Pengolahan VCO (Virgin Coconut Oil) Minyak Kelapa","0","Vco (Virgin Coconut Oil) atau nama dalam bahasa Indonesia adalah Minyak Kelapa Murni. Dikenal memiliki banyak kandungan alami untuk tubuh dan ramah tanpa efek samping. Minyak ini sekarang menjadi tren di dunia kesehatan dan kecantikan, tak banyak yang membeli minyak VCO untuk kebutuhan tubuh manusia.
Dalam pembuatan Minyak VCO banyak melalui proses yang sangat panjang untuk mendapatkan hasil yang sempurnya.

1. Pengupas Sabut Kelapa
2. Pengupas Batok Kelapa
3. Mesin Pemarut Kelapa
4. Mesin Pemeras Santan
5. Pendingi Cepat
6. Pengaduk/ Mixer Minyak
7. Penghangat Cepat
8. Sentrifugal
9. Evaporator Vacuum
"
"Mesin Mixing Tank Homogenizer Kapasitas 100 liter Asianindo","0","HOMOGENIZER MIXING LIQUID – MIXER TANK SINGLE JACKET

Mesin ini digunakan untuk mencampur serta mengaduk aneka jenis bahan-bahan berbentuk liquid (cair). Tanki mesin bermodel single jacket serta mesin tidak dilengkapi dengan pemanas. Kontak produk terbuat dari material stainless steel berlabel food grade & pharma grade sehingga aman digunakan untuk bahan makanan maupun bahan kosmetik. Terdapat roda pada rangka yang mempermudah Anda ketika hendak memindahkan mesin.
spesifikasi produk :
- Kapasitas 100 liter per proses
- Material bahan stainless 304
- Frame stainless steel
- Rangka stainless
- Penggerak motor listrik 
- (Inverter/speed control mixer)
- Pemanas heater
- Sistem pengaduk  up down.
- Roda tabung (bisa di pindah2)
- Up down daya listrik 200 watt
- Penggerak mixer daya listrik 1500 watt.

keterangan lain :
* kami memberikan garansi produk selama 6 bulan free sparepart
* melayani kebutuhan pengadaan instansi ataupun dinas.
"
"Mesin Vacuum Frying 15kg Free Spinner ASIANINDO | Mesin Keripik Buah & Umbi – TKDN Terverifikasi","0","MESIN VACUUM FRYING

Mesin ini berfungsi untuk : memproduksi kripik atau camilan  jadi, yang berbahan dasar dari buah - buahan atau umbi - umbian. cocok untuk para pengusaha yang ingin membuat usaha keripik buah nya semakin cepat dan mudah, sebelum dikirim k lokasi sebelumnya sudah kami tes dan uji coba mesin tersebut. sehingga tidakmenimbulkan kendala pada saat digunakan oleh konsumen. cara penggunaan sangat mudah, ada dilengkapi buku panduan dan tutorial dari ahli nya. 

nb : free spinner dan kompor. disertai juga buku panduan penggunaan mesin nya.
garansi 1 tahun ( non sparepart). 
pada saat pengoperasian mesin 
akan dipandu oleh ahlinya.

note :
Toko kami juga menyediakan semua kebutuhan mesin yang anda  butuhkan, baik untuk kebutuhan  pribadi maupun untuk pengadaan didinas pemerintahan ( Tender )

deskripsi produk :
- Kapasitas 15 kg on proses
- Sistem vacuum : Water jet 2HP
- Daya listrik 1500 watt / 220 volt
- Suhu terkontrol otomatis
- Kebutuhan minyak 75 liter
- Pemanas kompor LPG
 
Keterangan :
 
- Unit mesin 100% Baru
- Garansi servis 1 tahun ( non spare   part ).. 

Cocok bagi para pemula usaha pembuatan keripik buah ( jeruk, apel, nangka, dll ) dan umbi umbian ( kentang, ubi, singkong, dll )."
"Mixer Pengaduk Adonan (Dough Mixer) Kapasitas 200 kg CV Asianindo","0","Dough mixer / mesin pengaduk adonan tepung / roti ( multi fungsi ). dapat digunakan untuk mengaduk adonan mie, donat, kue, cream kocok, telor dll.
 
Spesifikasi :
- Power : dinamo gearbox
- Rangka unp dan bak full stainless
- bahan stainless full  ( food grade ) 
- kapasitas 200kg / proses
- pengaduk adonan ( stainless )
"
"ASIANINDO Mesin Roasting Kopi Kapasitas 3kg Bahan Drum Stainless Steel 3mm Body Mild Steel Rangka Pipa Kotak Kontrol Digital Blower Cyclone dan Cooling Bean","0","<h2 style=""text-align: left;"">ASIANINDO Mesin Roasting Kopi Kapasitas 3kg</h2> <strong>Spesifikasi Mesin:</strong>
• Kapasitas mesin mencapai 3kg, ideal untuk produksi kopi dalam jumlah banyak.
• Drum terbuat dari stainless steel tebal 3 mm, kuat dan tahan lama.
• Body menggunakan mild steel, ringan namun kokoh.
• Rangka terbuat dari pipa kotak, memberikan stabilitas ekstra.<h2 style=""text-align: left;"">Kontrol dan Sistem Pengolahan:</h2>• Dilengkapi thermo control digital untuk pengawasan suhu yang akurat.
• Fitur blower cyclone dan blower cooling bean/pendingin untuk proses roasting optimal.
• Burner tungku 3 baris memastikan distribusi panas yang merata.<h2 style=""text-align: left;"">Keandalan dan Kinerja:</h2>Mesin ini dirancang untuk efisiensi dan kinerja tinggi. Dengan spesifikasi tersebut, Anda akan mendapatkan hasil roasting kopi yang konsisten dan berkualitas."
"Mesin Vacuum Frying 15kg TKDN Kemenperin - Paket Usaha Keripik Buah (Free Spinner & Kompor).","0","MESIN VACUUM FRYING

Mesin ini berfungsi untuk : memproduksi kripik atau camilan  jadi, yang berbahan dasar dari buah - buahan atau umbi - umbian. cocok untuk para pengusaha yang ingin membuat usaha keripik buah nya semakin cepat dan mudah, sebelum dikirim k lokasi sebelumnya sudah kami tes dan uji coba mesin tersebut. sehingga tidakmenimbulkan kendala pada saat digunakan oleh konsumen. cara penggunaan sangat mudah, ada dilengkapi buku panduan dan tutorial dari ahli nya. 

nb : free spinner dan kompor. disertai juga buku panduan penggunaan mesin nya.
garansi 1 tahun ( non sparepart). 
pada saat pengoperasian mesin 
akan dipandu oleh ahlinya.

note :
Toko kami juga menyediakan semua kebutuhan mesin yang anda  butuhkan, baik untuk kebutuhan  pribadi maupun untuk pengadaan didinas pemerintahan ( Tender )

deskripsi produk :
- Kapasitas 15 kg on proses
- Sistem vacuum : 2 Water jet 2HP
- Daya listrik 1500 watt / 220 volt
- Suhu terkontrol otomatis
- Kebutuhan minyak 85 liter
- Pemanas kompor LPG
 
Keterangan :
- Unit mesin 100% Baru
- Garansi servis 1 tahun ( non spare part ).. 

MENGAPA HARUS ASIANINDO?
- SERTIFIKASI TKDN: Diakui Kementrian
- Perindustrian (Kualitas Standar Nasional).
- PAKET KOMPLIT: Harga sudah termasuk Spinner Peniris Minyak & Kompor LPG. Tinggal pakai!
- PENDAMPINGAN AHLI: Takut gak bisa pakai?
- Kami pandu via Video Call sampai hasil keripik Anda renyah & cantik.

Cocok bagi para pemula usaha pembuatan keripik buah ( jeruk, apel, nangka, dll ) dan umbi umbian ( kentang, ubi, singkong, dll )."
"Mesin Roasting Kopi Kapasitas 15kg CV Asianindo","0","Spesifikasi :

· Kapasitas 15kg
· Tebal Bahan Drum 3 mm Stainless steel
· Body Mild Steel
· Rangka Pipa Kotak
· Thermo control digital
· Blower Cyclone dan Blower cooling bean/pendingin
· Burner Tungku 3 baris
· Kelengkapan Lampu, Burn, Stik Checker Kopi, Manometer, Selang dan Regulator

- pada saat awal pengoperasian akan dipandu oleh ahlinya dan kami kawal sampai bisa
- garansi mesin 1 tahun ( non sparepart )."
"Gantri Crane Kapasitas 1 Ton Asianindo","0","Deskripsi Produk: Gantri Crane Kapasitas 1 Ton

- Ganty Crane: Solusi Pengangkutan Anda -
Ganty crane adalah crane overhead yang dirancang untuk kebutuhan pengangkutan. Dilengkapi dengan balok overhead, struktur ini mendukung berbagai operasi. 

Dengan kaki berdiri bebas, crane ini dapat bergerak di atas roda, trek, atau sistem rel. Ini memungkinkan mobilitas yang luas untuk jembatan, troli, dan kerekan barang. 

Kapasitas crane ini mencapai 1 ton, ideal untuk mengangkut barang dalam jumlah sedang. Pastikan proses pengangkutan Anda efisien dengan Ganty crane ini. 

Semua informasi didasarkan pada data produk yang diberikan. Tidak ada tambahan spesifikasi atau klaim yang tidak disebutkan."
"Mesin Oven Pengering Kapasitas 8 Rak CV Asianindo","0","Oven Pengering 8 Rak
✨ Ideal untuk Pengeringan Berkualitas ✨
Oven Pengering 8 rak ini memiliki kapasitas besar, mampu memproses hingga 8 rak atau loyang. Dengan dimensi mesin 75x50x145 cm dan loyang 74x41x4 cm, oven ini sangat efisien untuk penggunaan massal. Bahan full stainless steel menjamin ketahanan dan keawetan. Cocok untuk berbagai kebutuhan pengeringan Anda.

💡 Spesifikasi Listrik dan Sumber Panas 💡
Oven dilengkapi dengan blower listrik berdaya 150 watt pada tegangan 220V. Sumber panas yang digunakan adalah LPG. Pastikan sumber energi Anda sesuai untuk optimalisasi kinerja oven. Informasi ini penting untuk penggunaan yang efektif dan aman.

🔧 Detail Teknis 🔧
Kapasitas: 8 rak / loyang
Dimensi mesin: 75x50x145 cm
Dimensi loyang: 74x41x4 cm
Bahan: Full Stainless Steel
Blower: 150 watt, 220V
Sumber panas: LPG
Semua spesifikasi ini dirancang untuk memberikan hasil terbaik dalam pengeringan."
"Mesin Presto 10kg CV Asianindo","0","* Kapasitas : 10 kg
* Bahan Tabung Stainless Steel
* Dimensi : 46x46x85 cm
* Rangka Mill steel
* Keranjang : 2 sap
* Kontrol tekanan
* Safety Valve
* Gratis Kompor LPG"
"Mesin Destilasi Minyak Nilam Atsiri 250 Liter CV Asianindo","0","Mesin destilasi merupakan salah satu mesin yang digunakan sebagai pembuat minyak atsiri. Mesin ini bisa mengolah berbagai jenis dedaunan dengan memakai sistim penguapan. Untuk bahan yang dipakai dalam pembuatan dari minyak atsiri yaitu daun cengkeh, daun kayu putih, daun sirih, daun kayu manis, daun cendana, dan berbagai jenis daun lainnya yang bisa mengeluarkan minyak.

Spesifikasi :
* Kapasitas 250 liter / proses
* Tabung reaktan Stainless Steel 304 Food Grade, 3 mm
* Bahan bakar LPG (bisa dimodifikasi minyak tanah, kayu bakar)

️Keunggulan:
- Hasil minyak atsiri murni dan berkualitas tinggi
- Material stainless steel higienis & tahan lama
- Proses efisien dengan sistem penguapan modern
- Cocok untuk industri minyak atsiri, penelitian, hingga produksi herbal alami

Tingkatkan produktivitas dan kualitas hasil destilasi Anda bersama CV Asianindo – Mesin Hebat, Usaha Kuat!"
"Mesin Roasting Kopi 1 kg CV Asianindo","0","Spesifikasi :

·         Kapasitas 1kg
·         Tebal Bahan Drum 3 mm Stainless steel
·         Body Mild Steel
·         Rangka Pipa Kotak
·         Thermo control digital
·         Blower Cyclone dan Blower cooling bean/pendingin
·         Burner Tungku 3 baris
·         Kelengkapan Lampu, Burn, Stik Checker Kopi, Manometer, Selang dan Regulator"
"ASIANINDO Mesin Roasting Kopi Kapasitas 3kg Drum Adjustable Speed Sumber Panas Gas LPG / Natural Sistem Pemanasan Indirekt","0","Mesin roasting kopi adalah salah satu rangkaian mesin kopi di bagian hulu, digunakan untuk proses memanggang biji kopi mentah menjadi matang. From fresh green beans, to wonderful roasted beans.
Mesin pemanggang kopi merupakan sebuah mesin yang digunakan untuk menyangrai biji kopi agar matang, sehingga siap untuk diproses lebih lanjut. Prinsip kerja mesin ini adalah produk dipanaskan dalam ruang sangrai yang berputar dengan suhu tertentu, sehingga pemanasan bisa merata.
spesifikasi : 
DRUM CAPACITY: 3kg/batch, Min 500gr, Max 3,5kg

DRUM SPEED: Adjustable, Automatic switch ON when Heating and switch OFF when Cooling

HEAT SOURCE: Gas (LPG / Natural)

HEATING SYSTEM: Indirect"
"Mesin Spray Dryer 3 Liter Asianindo","0","·  Kapasitas 3 Liter Bahan/jam
·  Dimensi 85x145x200 cm
·  Ruang Pengering Stainless steel Food Grade
·  Material Rangka Full Stainless Steel
·  Total Daya 15.000 Watt
·  Air Compressor 2HP/380 V
·  Heater Elektrik 12.000 Watt
·  Blower 2pcs, 600 Watt
·  Cyclone stainless steel Food Grade
·  1 Buah Tabung Dinding, 1 Buah Pemanas Atas"
"Mesin Evaporator Vacuum 25 Liter Asianindo","0","MESIN EVAPORATOR VACUM

Kegunaan:
Untuk mengurangi kadar air/mengentalkan cairan:( minyak, VCO, madu, susu,dll.)
dengan cara kandungan air 
dipanaskan dan diuapkan,kemudian kandungan air tadi 
dikeluarkan dengan cara di Vacum.

 spesifikasi produk :

*Bahan Stainless Steel
*Pemanas Kompor/heater
*Kontrol Suhu Otomatis
*Listrik 750 watt, 220V
*Tabung Double Jacket
*Dimensi Total: 80x118x129 cm
*Rpm : 30 rpm. 

garansi 1 tahun ( non sparepart). 
pada saat pengoperasian mesin 
akan dipandu oleh ahlinya.
note :
Toko kami juga menyediakan semua kebutuhan mesin yang anda butuhkan, baik untuk kebutuhan pribadi maupun untuk pengadaan di dinas pemerintahan ( Tender )"
"Mesin Pemeras Santan Kap 300 Kg per jam CV Asianindo","0","Mesin pemeras santan ini dirancang untuk membantu proses produksi santan menjadi lebih cepat, efisien, dan higienis. Cocok digunakan untuk pelaku usaha pengolahan kelapa, UMKM, hingga industri rumahan yang membutuhkan hasil perasan santan maksimal dengan tenaga kerja yang lebih ringan.

Menggunakan material stainless steel, mesin ini aman untuk bahan pangan, mudah dibersihkan, serta memiliki daya tahan tinggi untuk pemakaian jangka panjang. Dengan kapasitas hingga 300 kg per jam, mesin ini mampu meningkatkan produktivitas usaha secara signifikan dibandingkan metode manual.

Spesifikasi Produk:
- Kapasitas produksi: ±300 kg/jam
- Bahan mesin: Stainless Steel
- Berat mesin: ±90 kg
- Proses pemerasan cepat dan stabil
- Hasil perasan santan lebih optimal
- Desain kokoh dan mudah dioperasikan

Info lebih lanjut & pemesanan:
Silakan hubungi admin kami untuk konsultasi kebutuhan mesin sesuai usaha Anda.
"
"Mesin Spinner Peniris Minyak Kapasitas 20 Kg | Solusi Untuk Usaha Gorengan dan Camilan CV Asianindo","0","Ingin hasil gorengan yang lebih renyah, kering, dan tahan lama?
Gunakan Mesin Spinner CV Asianindo, solusi efisien untuk meniriskan minyak dari aneka produk makanan seperti keripik, kerupuk, dan camilan lainnya!

Spesifikasi:
• Kapasitas: 20 Kg
• Bahan: Full Stainless Steel
• Tinggi Body: 80 cm
• Diameter Tabung: 60 cm
• Daya Listrik: 600 Watt / 220 Volt

Keunggulan:
Mengurangi kadar minyak dengan cepat dan efisien
Desain kokoh & higienis berbahan stainless steel
Hemat waktu, hemat tenaga, dan mudah digunakan
Cocok untuk usaha makanan skala UMKM hingga industri

Tingkatkan kualitas produk gorenganmu dengan hasil yang lebih kering, renyah, dan bernilai jual tinggi bersama CV Asianindo – Mesin Hebat, Usaha Kuat!"
"Mesin Packaging Otomatis Kapasitas 1000 Gram (Pengemas) Asianindo","0","Mesin Pengemas Otomatis (Packaging)

Merupakan mesin yang berfungsi untuk mengemas berbagai macam produk secara otomatis. kemasan produk yang menarik akan meningkatkan daya tarik suatu produk pada saat di jual.
Kondisi baru dan bergaransi.
Ada setelan untuk pengaturan berat kemasan, mulai berat 5 gram, 10 gram, 50 gram, 250 gram, sampai 1.000 gram.

Beberapa contoh kemasan untuk mesin packaging otomatis :
- packing gula pasir
- packing cairan
- pengemas kopi
- pengemas bubuk 
- dll

Daya listrik 1800 watt
Berat mesin +- 350 kg
Material pengemas Al + PE ,OPP + PE, NY + PE , dan bahan kertas pengemas lain."
"Mesin Destilasi Minyak Nilam Atsiri 100 Liter CV Asianindo","0","Mesin destilasi merupakan salah satu mesin yang digunakan sebagai pengolah minyak atsiri. Mesin ini bisa mengolah berbagai jenis dedaunan dengan memakai sistim penguapan. Untuk bahan yang dipakai dalam pembuatan dari minyak atsiri yaitu daun cengkeh, daun kayu putih, daun sirih, daun kayu manis, daun cendana, dan berbagai jenis daun lainnya yang bisa mengeluarkan minyak. 

Spesifikasi : 
    * Kapasitas 100 kg / proses
    * Tabung reaktan Stainless Steel 304 Food Grade, 3 mm
    * Bahan bakar LPG (bisa dimodifikasi minyak tanah, kayu bakar)
    * Dimensi Panggung : 180 cm x 180 cm x 100 cm
    * Tabung     : Ø 80 cm dengan tinggi 202 cm
    * Kondensor: Ø 50 cm dengan tinggi 173 cm
    * Keranjang : Ø 86 cm tinggi 122 cm
    * Boiler       : Ø 75 x 173 cm
   *  Listrik      : 250 watt"
"Mesin Rotary Dryer Statis 100Kg Pengering Makanan CV Asianindo","0","Dapat digunakan untuk mengeringkan gabah, jagung, kedelai, kopi, cengkeh, kayu manis, 
jahe, kunyit, lengkuas, kedelai, kerupuk, kunir, kemiri, rempah-rempah lainnya.

Dilengkapi panel otomatis :
- Dapat men-setting suhu sesuai kebutuhan produk yang akan dikeringkan
- Dapat men-setting waktu yang dibuthkn untuk mengeringkan

Spesifikasi : 
- Panjang 1 Meter
- Bahan Material tabung Stainless
- Diameter : 50 cm
- Rangka  : UNP 
- Kapasitas : 100 kg/proses
- Penggerak : motor listrik  Dinamo 1 hp
- Pemanas : Burner
- BBM : Lpg

BAHAN BAKAR PILIHAN:
1. GAS LPG
2. LISTRIK / ELEMENT
 
Dapat custom / renovasi sesuai dengan kebutuhan / permintaan pembeli.
info lebih lanjut bisa menghubungi Admin "
"Mesin Roasting Kopi Kapasitas 2kg CV Asianindo","0","Spesifikasi :

·         Kapasitas 2kg
·         Tebal Bahan Drum 3 mm Stainless steel
·         Body Mild Steel
·         Rangka Pipa Kotak
·         Thermo control digital
·         Blower Cyclone dan Blower cooling bean/pendingin
·         Burner Tungku 3 baris
·         Kelengkapan Lampu, Burn, Stik Checker Kopi, Manometer, Selang dan Regulator

- pada saat awal pengoperasian akan dipandu oleh ahlinya dan kami kawal sampai bisa
- garansi mesin 1 tahun ( non sparepart )."
"Mesin Sablon Plastik 1 Warna Asianindo","0","mesin sablon plastik 1 warna. 
( bisa request 2 warna, 3 warna, 4 warna, 5 warna ). untuk harga yang tertera adalah untuk harga mesin sablon plastik 1 warna roll to roll.
spesifikasi :  
- model 1 warna
- mesin penggerak dinamo motor 2 hp
- roller input + out put
- lebar 110 cm
- tinggi 140 cm
- listrik 750 watt 220 volt
-  roll pembersih
-  roll karet
-  bak tinta
-  doctor blade pembersih
- inverter pengatur speed
- lebar sablon sampai dengan 30 cm dengan diameter 40 cm.

catatan : 
spek bisa berubah tergantung permintaan pembeli. garansi 1 tahun setelah mesin sampai di lokasi dan dipandu oleh ahli di bidangnya."
"Mesin Sangrai Kopi Kapasitas 100 kg Asianindo","0","Mesin Sangrai Kopi Kapasitas 100 kg

Mesin Sangrai Kopi dengan kapasitas 100 kg, ideal untuk usaha Anda. 
- Baru 100%: Mesin ini adalah produk baru, siap untuk digunakan.
- Bahan Stainless Steel: Dibuat dari bahan stainless steel, menjamin keawetan dan kebersihan.
- Disertai Buku Panduan: Dapatkan buku panduan gratis untuk memudahkan penggunaan.

Garansi 12 Bulan

Mesin ini dilengkapi dengan garansi 12 bulan. Anda dapat menggunakan mesin ini dengan tenang, tahu bahwa ada dukungan dari CV. Asianindo. 

Spesifikasi
- Kapasitas: 100 kg
- Bahan: Stainless steel"
"Mesin Penepung / Diskmill Stainless Kap 100kg Asianindo","0"," Spesifikasi Mesin: 
Kapasitas mesin mencapai 100kg, ideal untuk kebutuhan produksi Anda.
Ditenagai oleh Dinamo Motor atau Elektro Motor 2 Hp, memberikan kinerja yang efisien.
Bahan utama terbuat dari Stainless Steel, menjamin ketahanan dan keawetan.

 Detail Produk: 
Saringan mesin juga terbuat dari Stainless Steel, memastikan kualitas hasil penepungan yang optimal. Cocok untuk pengguna yang membutuhkan mesin dengan kapasitas besar dan bahan berkualitas. Pastikan untuk memilih mesin ini untuk kebutuhan produksi Anda. Semua spesifikasi sesuai dengan informasi yang diberikan."
"Mesin Pengaduk Bumbu Hexagonal Stainless Kap 25 Kg Asianindo","0","Spesifikasi :

- Kapasitas 25 kg / Jam
- Dinamo Motor
- MaterialTabung Stainless Steel
- Rangka Stainless Steel
- Transmisi Gearbox"
"Mesin Vacuum Frying 1.5kg Asianindo","0","MESIN VACUUM FRYING

Mesin ini berfungsi untuk : memproduksi kripik atau camilan  jadi, yang berbahan dasar dari buah - buahan atau umbi - umbian. cocok untuk para pengusaha yang ingin membuat usaha keripik buah nya semakin cepat dan mudah, sebelum dikirim k lokasi sebelumnya sudah kami tes dan uji coba mesin tersebut. sehingga tidakmenimbulkan kendala pada saat digunakan oleh konsumen. cara penggunaan sangat mudah, ada dilengkapi buku panduan dan tutorial dari ahli nya. 

nb : free spinner dan kompor. disertai juga buku panduan penggunaan mesin nya.
garansi 1 tahun ( non sparepart). 
pada saat pengoperasian mesin 
akan dipandu oleh ahlinya.

note :
Toko kami juga menyediakan semua kebutuhan mesin yang anda  butuhkan, baik untuk kebutuhan  pribadi maupun untuk pengadaan didinas pemerintahan ( Tender )

deskripsi produk :
- Kapasitas 1,5 kg on proses
- Dimensi 90 cm × 80 cm × 58 cm
- Tabung D 30 cm × P 45 cm
- Sistem vacuum : Water jet 1/2 HP
- Daya listrik 600 watt / 220 volt
- Suhu terkontrol otomatis
- Kebutuhan minyak 15 liter
- Pemanas kompor LPG
 
Keterangan :
 
- Unit mesin 100% Baru
- Garansi servis 1 tahun
( non spare   part ).

Cocok bagi para pemula usaha pembuatan keripik buah ( jeruk,apel,nangka, dll ) dan umbi umbian
( kentang, ubi, singkong, dll )."
"Vacuum Frying Kapasitas 1,5 kg plus 2 spinner Asianindo | Mesin Keripik Buah & Umbi – Terverifikasi  TKDN","0","mesin vacuum frying kapasitas 1,5 kg di tambah 2 spinner
# mesin yang berfungi untuk membuat segala jenis keripik / snack berbahan dasar buah,sayur, dan umbian
MESIN VACUUM FRYING

Mesin ini berfungsi untuk : memproduksi kripik atau camilan  jadi, yang berbahan dasar dari buah - buahan atau umbi - umbian. cocok untuk para pengusaha yang ingin membuat usaha keripik buah nya semakin cepat dan mudah, sebelum dikirim k lokasi sebelumnya sudah kami tes dan uji coba mesin tersebut. sehingga tidakmenimbulkan kendala pada saat digunakan oleh konsumen. cara penggunaan sangat mudah, ada dilengkapi buku panduan dan tutorial dari ahli nya. 

nb : free spinner dan kompor. disertai juga buku panduan penggunaan mesin nya.
garansi 1 tahun ( non sparepart). 
pada saat pengoperasian mesin 
akan dipandu oleh ahlinya.

note :
Toko kami juga menyediakan semua kebutuhan mesin yang anda  butuhkan, baik untuk kebutuhan  pribadi maupun untuk pengadaan didinas pemerintahan ( Tender )
info lebih lanjut bisa menghubungi  Admin kami 
deskripsi produk :
- Kapasitas 1,5 kg on proses
- Dimensi 90 cm × 80 cm × 58 cm
- Tabung D 30 cm × P 45 cm
- Sistem vacuum : Water jet 1/2 HP
- Daya listrik 600 watt / 220 volt
- Suhu terkontrol otomatis
- Kebutuhan minyak 15 liter
- Pemanas kompor LPG
 
Keterangan :
 
- Unit mesin 100% Baru
- Garansi servis 1 tahun ( non spare   part ).. 

Cocok bagi para pemula usaha pembuatan keripik buah ( jeruk, apel, nangka, dll ) dan umbi umbian ( kentang, ubi, singkong, dll )."
"Mesin Pengering Karpet Kapasitas Continue Asianindo","0","Mesin Pengering Karpet"
"Mesin Rotary Dryer Statis 50Kg Pengering Makanan (Otomatis) CV Asianindo","0","Dapat digunakan untuk mengeringkan gabah, jagung, kedelai, kopi, cengkeh, kayu manis, jahe, kunyit, lengkuas, kedelai, kerupuk, kunir, kemiri, rempah-rempah lainnya.

Dilengkapi panel otomatis :
- Dapat men-setting suhu sesuai kebutuhan produk yang akan dikeringkan
- Dapat men-setting waktu yang dibuthkn untuk mengeringkan
spesifikasi :
Mesin Rotary Dryer ( OTOMATIS ) Kapasitas 50 kg/jam		
		
A	Model	Standart
B	Fungsi	Pengering serbaguna
C	Dimensi Rangka	125 x 60 x 80 cm
D	Material Rangka	UNP 5 dan plat stenliss steel
E	Transmisi	Pulley dan v belt, GEARBOX
F	Penggerak	dinamo listrik 0,5 HP
G	Kapasitas	50 kg /JAM
H	Kelengkapan	Thermocontrol, Selenoid valve, timer, dll
I	harga	
	Kap 50 KG/JAM	Tabung luar D : 45. P : 70 CM

BAHAN BAKAR PILIHAN:
1. GAS LPG
2. LISTRIK / ELEMENT 

kami melayani custom / renovasi mesin sesuai permintaan customer
"
"Mesin Roasting Kopi Kapasitas 25kg CV Asianindo","0","Spesifikasi :

· Kapasitas 25kg
· Tebal Bahan Drum 3 mm Stainless steel
· Body Mild Steel
· Rangka Pipa Kotak
· Thermo control digital
· Blower Cyclone dan Blower cooling bean/pendingin
· Burner Tungku 3 baris
· Kelengkapan Lampu, Burn, Stik Checker Kopi, Manometer, Selang dan Regulator

- pada saat awal pengoperasian akan dipandu oleh ahlinya dan kami kawal sampai bisa
- garansi mesin 1 tahun ( non sparepart )."
"Mesin Pasteurisasi Susu 50 Liter CV Asianindo","0","Mesin pasteurisasi digunakan untuk pasteurisasi produk minuman dan produk cair (misalnya : susu segar, sirup, sari buah, dan lain-lain) sebelum dikemas.
Fungsi pasteurisasi ini adalah untuk mensterilkan produk dari bakteri penyebab penyakit pada suhu yang tidak terlalu tinggi, sehingga tidak merusak produk.

Spesifikasi  :
* Kapasitas 50 Liter / proses
* Dimensi 100 cm x 75 cm x 150 cm
* Listrik 200 watt, 220 V
* Kecepatan mixer 140 rpm
* Bahan full stainless steel
* Pemanas  kompor LPG
* Suhu Terkontrol otomatis
* Tabung double jacket (air / minyak)

"
"Mesin Pengaduk Adonan Dodol, Jenang dan Selai Kapasitas 50 liter Asianindo","0","Mesin Pengaduk Dodol, Jenang, Selai dll.

- Ideal untuk Produksi Camilan Jawa -
Mesin ini dirancang untuk mengaduk adonan menjadi selai, jenang, dan dodol. Proses produksi menjadi lebih cepat, mudah, dan praktis. Cocok untuk kebutuhan industri camilan Anda.

Spesifikasi Mesin
- Tabung bahan full stainless steel (food grade).
- Frame full stainless.
- Sumber daya pemanas kompor LPG.
- Tabung masak Double jacket.
- Kapasitas 50 liter.
- Mesin penggerak dinamo 1/2 HP.
- Gear box 1:50.

- Paket Lengkap
Include kompor mata seribu. Tabung gas belum termasuk. Semua komponen dirancang untuk efisiensi dan kinerja optimal dalam mengaduk adonan camilan khas Jawa."
"Mesin Spray Dryer 5 Liter Asianindo","0","·  Kapasitas 5 Liter Bahan/jam
·  Dimensi 100x175x220 cm
·  Ruang Pengering Stainless steel Food Grade
·  Material Rangka Full Stainless Steel
·  Total Daya 15.000 Watt
·  Air Compressor 3HP
·  Heater Elektrik 13.000 Watt
·  Blower 2pcs, 600 Watt
·  Cyclone stainless steel Food Grade
·  1 Buah Tabung Dinding, 1 Buah Pemanas Atas"
"Mesin Dough Mixer Pengaduk Adonan Roti/Tepung Kapasitas 25 Kg CV Asianindo","0","Dough mixer / mesin pengaduk adonan tepung / roti ( multi fungsi ). dapat digunakan untuk mengaduk adonan mie, donat, kue, cream kocok, telor dll.
 
Spesifikasi :
- Power dinamo 1/2 PK
- Perangkat dan bak full stainless
- Dimensi mesin ( p×l×t ) : 64 × 38 × 78 cm
- bahan stainless full 304 ( food grade ) 
- kapasitas 25 kg."
"Mesin Spray Dryer 2 Liter Asianindo","0","· Kapasitas 2 Liter Bahan/jam
· Ruang Pengering Stainless steel Food Grade
· Material Rangka Full Stainless Steel
· Total Daya 13.000 Watt
· Air Compressor 2HP/380 V
· Heater Elektrik 12.000 Watt
· Blower 2pcs, 600 Watt
· Cyclone stainless steel Food Grade
· 1 Buah Tabung Dinding, 1 Buah Pemanas Atas"
"Mesin Pengupas Kulit Kopi (pulper) Asianindo","0","Mesin Pengupas Kulit Kopi (Pulper)
- Deskripsi Produk -
Bahan Cover: Terbuat dari Stainless Steel yang tahan lama dan mudah dibersihkan.
Rangka: Dibuat dari MS (Mild Steel), memberikan struktur yang kokoh.
Motor: Menggunakan Dinamo atau motor bensin untuk operasional mesin.

- Spesifikasi Lengkap -
Mesin pengupas kulit kopi ini memiliki spesifikasi yang sederhana namun fungsional. Covernya terbuat dari Stainless Steel, sedangkan rangka menggunakan MS. Motornya bisa berupa Dinamo atau motor bensin, sesuai kebutuhan pengguna. "
"Mesin Destilasi Minyak Nilam Atsiri 50 Liter CV Asianindo","0","Mesin destilasi merupakan salah satu mesin yang digunakan sebagai pengolah minyak atsiri. Mesin ini bisa mengolah berbagai jenis dedaunan dengan memakai sistim penguapan. Untuk bahan yang dipakai dalam pembuatan dari minyak atsiri yaitu daun cengkeh, daun kayu putih, daun sirih, daun kayu manis, daun cendana, dan berbagai jenis daun lainnya yang bisa mengeluarkan minyak. 

Spesifikasi :    
* Kapasitas 50kg / proses
* Tabung reaktan Stainless Steel 304 Food Grade, 3 mm
* Bahan bakar LPG (bisa dimodifikasi minyak tanah, kayu bakar)
* Dimensi Panggung :180 cm x 180 cm x 100 cm
* Tabung : Ø 60 cm dengan tinggi 133 cm
* Keranjang : Ø 56 cm dengan tinggi 100 cm
* Kondensor : Ø 40 cm dengan tinggi 100 cm
* Boiler               : Ø 50 x 120 cm
* Listrik              : 250 watt"
"Mesin Vacuum Frying 10kg TKDN Kemenperin - Paket Usaha Keripik Buah (Free Spinner & Kompor).","0","MESIN VACUUM FRYING

Mesin ini berfungsi untuk : memproduksi kripik atau camilan  jadi, yang berbahan dasar dari buah - buahan atau umbi - umbian. cocok untuk para pengusaha yang ingin membuat usaha keripik buah nya semakin cepat dan mudah, sebelum dikirim k lokasi sebelumnya sudah kami tes dan uji coba mesin tersebut. sehingga tidakmenimbulkan kendala pada saat digunakan oleh konsumen. cara penggunaan sangat mudah, ada dilengkapi buku panduan dan tutorial dari ahli nya. 

nb : free spinner dan kompor. disertai juga buku panduan penggunaan mesin nya.
garansi 1 tahun ( non sparepart). 
pada saat pengoperasian mesin 
akan dipandu oleh ahlinya.

note :
Toko kami juga menyediakan semua kebutuhan mesin yang anda  butuhkan, baik untuk kebutuhan  pribadi maupun untuk pengadaan didinas pemerintahan ( Tender )
info lebih lanjut bisa menghubungi Admin kami 
untuk membuat segala jenis olahan keripik buah seperti pisang, salak, apel, nangka, jeruk,dll atau umbi - umbian 
( singkong, ubi, kentang,dll ).

Spesifikasi :
- Kapasitas 10 kg ( on proses )
- Dimensi : 170 cm × 122 cm × 140 cm
- Sistem vacuum : water jet
- Daya listrik : 1200 watt , 220 volt
- Suhu terkontrol otomatis
- Kebutuhan minyak : 80 liter
- Pemanas : kompor LPG
- free spinner

Keterangan :
* Unit mesin 100% Baru
* Garansi servis 1 tahun  (non sparepart)

MENGAPA HARUS ASIANINDO?
- SERTIFIKASI TKDN: Diakui Kementrian
- Perindustrian (Kualitas Standar Nasional).
- PAKET KOMPLIT: Harga sudah termasuk Spinner Peniris Minyak & Kompor LPG. Tinggal pakai!
- PENDAMPINGAN AHLI: Takut gak bisa pakai?
- Kami pandu via Video Call sampai hasil keripik Anda renyah & cantik.

#Cocok bagi para pengusaha aneka
macam camilan olahan buah dan 
umbi - umbian"
"Mesin Rotary Dryer 30Kg Pengering Makanan CV Asianindo","0","Dapat digunakan untuk mengeringkan gabah, jagung, kedelai, kopi, cengkeh, kayu manis, jahe, kunyit, lengkuas, kedelai, kerupuk, kunir, kemiri, rempah-rempah lainnya.

Dilengkapi panel otomatis :
- Dapat men-setting suhu sesuai kebutuhan produk yang akan dikeringkan
- Dapat men-setting waktu yang dibuthkn untuk mengeringkan


BAHAN BAKAR PILIHAN:
1. GAS LPG
2. LISTRIK / ELEMENT ( Harga lebih mahal) 


Mesin Rotary Dryer Statis ( OTOMATIS )		
		
A	Model	Standart
B	Fungsi	Pengering serbaguna
C	Dimensi Rangka	110 x 50 x 80 cm
D	Material Rangka	UNP 5 dan plat stenliss steel
E	Transmisi	Pulley dan v belt, GEARBOX
F	Penggerak	dinamo listrik 0,5 HP
G	Kapasitas	30 kg /JAM
H	Kelengkapan	Thermocontrol, Selenoid valve, timer, dll
I	harga	
	Kap 30 KG/JAM	Tabung luar D : 35. P : 50 CM 10.500.000
	Kap 50 KG/JAM	Tabung luar D : 45. P : 70 CM 14.000.000
	Kap 80 KG/JAM	Tabung luar D : 55. P : 90 CM 17.000.000
	Kap 100 KG/JAM	Tabung luar D : 65. P : 100 CM 20.000.000
	KAP 150 KG/JAM	Tabung luar D : 75. P : 120 CM 25.000.000
KAP 200 KG/JAM	Tabung luar D : 50. P : 200 CM 
KAP 300 KG/JAM	Tabung luar D : 70. P : 300 CM 
KAP 500 KG/JAM	Tabung luar D : 70. P : 400 CM"
"Mesin (Cooper) Pencacah Rumput, Batang, Daun, dll Asianindo","0","Mesin Pencacah Rumput, Daun, Batang, dll.. 
Spesifikasi : 
- power 8 pk
- Dimensi 180 cm × 52 cm × 87 cm
- efisiensi kerja 2 ton per jam
- berat volume 170 kg
- rangka besi unp

NB : Mesin kondisi baru dan sebelum mesin dikirim sudah kami uji coba ( trial ) sebelumnya.. supaya tidak ada kendala pada saat tiba di lokasi."
"2 Warna Mesin Sablon Plastik (Rotogravure) Asianindo","0","MESIN SABLON PLASTIK

Mesin Sablon Plastik 2 Warna. 
(bisa request 3 warna, 4 warna, 5 warna ). Untuk harga yang tertera adalah untuk harga mesin sablon plastik 2 warna roll to roll.

Spesifikasi : 
- Bodi Plat ecer/UNP 
- As mild steel 
- Panjang 250cm x lebar 130cm x tinggi 170cm 
- Lebar media max 55cm 
- Kecepatan max 50 RPM 
- Motor 1,5 HP VS (Variable Speed) 
- Blower 2 x 150 watt 
- Penekan Roll karet satu titik pakai rante 
- Heater

catatan : 
Spek bisa berubah tergantung permintaan pembeli. garansi 1 tahun setelah mesin sampai di lokasi dan dipandu oleh ahli di bidangnya."
"Mesin Roasting kopi kapasitas 5 kg plus pendingin","0","Mesin roasting kopi kapasitas 5 kg plus pendingin, sudah komplit dengan pendingin dan timer, cocok untuk para pengusaha di bidang coffee maker, atau pun produsen kopi kemasan .. 

Spesifikasi
* Plat tabung tebal 3mm SS
* Coolingbeen 1,2mm
* Control suhu thermo control otomatis dan thermo digital
* Rangka pipa mild steel
* Kompor tungku 3baris
* Kelengkapan 2blower cyclone dan pendingin, selang regulator, alarm, manometer, checker kopi, dan lampu
 
- pada saat awal pengoperasian akan dipandu oleh ahlinya dan kami kawal sampai bisa
- garansi mesin 1 tahun ( non sparepart )."
"Mesin Blender Buah (Mixer Buah / Juicer)","0","- Spesifikasi Mesin Blender Buah -
Kapasitas 25 kg / Jam: Mesin ini mampu menangani beban hingga 25 kg dalam satu jam. Ideal untuk penggunaan jangka panjang.
Dinamo Motor: Menggunakan teknologi dinamo motor yang efisien untuk operasi mesin.

- Material Terbaik -
Tabung Stainless Steel: Dibuat dari stainless steel berkualitas, tahan lama dan mudah dibersihkan.
Rangka Stainless Steel: Struktur rangka juga terbuat dari stainless steel, menjamin keawetan dan ketahanan mesin.

- Informasi Tambahan -
Pastikan untuk mempertimbangkan spesifikasi ini saat memilih mesin blender buah Anda. Informasi lebih lanjut tidak tersedia. Selamat berbelanja!"
"Mesin Pasteurisasi Susu 100 Liter CV Asianindo","0","Mesin pasteurisasi digunakan untuk pasteurisasi produk minuman dan produk cair (misalnya : susu segar, sirup, sari buah, dan lain-lain)  sebelum dikemas.
Fungsi pasteurisasi ini adalah untuk mensterilkan produk dari bakteri penyebab penyakit pada suhu yang tidak terlalu tinggi, sehingga tidak merusak produk.

Spesifikasi  :
* Kapasitas 100 Liter / proses
* Dimensi 122 cm x 85 cm x 166 cm
* Listrik 450 watt, 220 V
* Kecepatan mixer 340 rpm
* Bahan full stainless steel
* Pemanas  kompor LPG
* Suhu Terkontrol otomatis
* Tabung double jacket (air / minyak)

"
"Mesin Pengupas Kulit Kopi Kering Huller Kapasitas 50-100kg ASIANINDO","0","ASIANINDO Mesin Pengupas Kulit Kopi Kering Huller
Spesifikasi Mesin:
- Kapasitas mesin dapat menangani kopi kering antara 50 hingga 100kg. Cocok untuk penggunaan dalam jumlah besar.
- Rangka mesin terbuat dari material UNP, memberikan kekuatan dan ketahanan.
- Ditenagai oleh motor bensin berdaya 5,5Hp, memastikan operasi yang efisien.

-Informasi Tambahan:
Mesin ini dirancang untuk memenuhi kebutuhan pengupasan kulit kopi dengan kapasitas yang cukup besar. Dengan spesifikasi tersebut, mesin ini menjadi pilihan tepat untuk pengolahan kopi secara massal. Pastikan untuk menggunakan sesuai dengan kapasitas dan daya motor yang diberikan."
"Mesin Pengaduk Adonan Dodol, Jenang dan Selai Kapasitas 25 liter Asianindo","0","Mesin yang berfungi untuk mengaduk adonan yang akan dijadikan selai, jenang, dodol ( makanan camilan khas jawa ). supaya proses produksi lebih cepat, mudah dan praktis..

 Spesifikasi 
- Tabung bahan full stainless steel 304 ( food grade )
- Frame full stainless
- Sumber daya pemanas kompor LPG
- Tabung masak Double jacket
- Kapasitas 25 liter
- Mesin penggerak dinamo 1/4 HP
- Include kompor mata seribu ( tabung gas dan selang belum termasuk )."
"Mesin Penepung / Diskmill Stainless Kap 50kg Asianindo","0","Spesifikasi : 

* Kapasitas / jam : 50 kg/jam
* Material : Stainless Steel
* Penggerak : Elektro Motor Dinamo / Motor Bensin (opsi)
* Kelengkapan : Disk sarangan."
"Mesin Pengupas Bawang Kapasitas 5 - 10 kg Asianindo","0","Mesin Pengupas bawang kapasitas 5 kg - 10 kg"
"Mesin Oven Pengering Kapasitas 20 Rak CV Asianindo","0","✨ Spesifikasi Oven:
- Kapasitas: 20 rak / loyang
- Dimensi mesin: 105x85x165 cm
- Dimensi Loyang: 74x41x4 cm
Ideal untuk kebutuhan pengeringan yang besar. Dengan kapasitas 20 rak, oven ini sangat efisien untuk penggunaan massal. Ukuran loyang 74x41x4 cm memungkinkan Anda untuk memasak berbagai jenis makanan.

⚡ Spesifikasi Listrik:
- Blower: 150 watt
- Sumber listrik: 220V
Oven ini dilengkapi dengan blower berdaya 150 watt pada tegangan 220 volt. Sumber listriknya adalah 220V, memastikan operasional yang optimal dan hemat energi.

🔧 Spesifikasi Bahan:
- Bahan: plat
Dibuat dari bahan plat, oven ini menawarkan struktur yang kokoh. Pastikan untuk memilih sumber panas yang tepat, yaitu LPG, sesuai dengan spesifikasi yang diberikan."
"Oven Pengering 10 Loyang CV Asianindo: Kapasitas Besar, Kering Sempurna!","0","Mesin Oven Pengering 10 Rak: Solusi Pengeringan Makanan Efisien
Proses pengeringan bahan makanan jadi lebih cepat dan mudah dengan Oven Pengering 10 Rak ini! Dirancang untuk mengeringkan berbagai jenis bahan, mulai dari cabai, bawang merah, bawang putih, sayuran, buah-buahan, hingga daging dan ikan.

Lupakan metode penjemuran manual yang memakan waktu dan tergantung cuaca. Dengan oven ini, Anda bisa mendapatkan hasil kering yang optimal lebih cepat dan tanpa khawatir musim hujan. Desain 1 pintu dengan kapasitas 10 rak ini siap memenuhi kebutuhan Anda.

Spesifikasi Unggulan:
- Kapasitas Besar: Dilengkapi 10 rak dan 10 loyang berukuran standar, memaksimalkan volume pengeringan Anda.
- Material Berkualitas:Rak: Terbuat dari Aluminium yang ringan dan tahan karat.
- Loyang: Menggunakan Vorporasi Stainless Steel yang aman untuk makanan dan memastikan sirkulasi udara optimal.
- Cover: Dari Plat Stainless Steel untuk tampilan bersih dan durabilitas.
- Sumber Panas Efisien: Menggunakan Kompor LPG sebagai sumber panas utama, dengan blower yang mendistribusikan hawa panas secara menyeluruh.
- Kontrol Suhu Akurat: Dilengkapi Thermometer Analog untuk memantau suhu pengeringan dengan mudah.
- Kelengkapan Lengkap: Sudah termasuk roda untuk mobilitas, kompor, selang, dan regulator, siap pakai!

Fitur Tambahan:
- Mudah Dibersihkan: Desain yang praktis memudahkan Anda dalam perawatan dan pembersihan.
- Movable: Dilengkapi roda, sehingga mudah dipindahkan sesuai kebutuhan Anda.
- Food Grade Material: Material yang bersentuhan langsung dengan produk adalah Stainless Steel, menjamin keamanan dan kebersihan makanan Anda.
- Finishing Premium: Hadir dengan proses finishing yang lebih baik dan elegan, menambah nilai estetika pada dapur atau tempat usaha Anda.
- Garansi Resmi: Dapatkan garansi resmi selama 1 tahun, memberikan ketenangan pikiran atas investasi Anda.

Ingin proses pengeringan yang lebih cepat, higienis, dan tidak tergantung cuaca? Oven Pengering 10 Rak ini adalah solusi yang Anda cari!"
"Mesin Spray Dryer 1 Liter Asianindo","0","·  Kapasitas 1 Liter Bahan/proses
·  Ruang Pengering Stainless steel Food Grade
·  Material Rangka Full Stainless Steel
·  Total Daya 9.000 Watt
·  Air Compressor 2HP/380 V
·  Heater Elektrik 7.000 Watt
·  Blower 2pcs, 600 Watt
·  Cyclone stainless steel Food Grade Sus 304
·  1 Buah Tabung Dinding, 
.  1 Buah Pemanas Atas"
"Mesin Mixing Tank Homogenizer Kapasitas 150 liter Asianindo","0","HOMOGENIZER MIXING LIQUID – MIXER TANK SINGLE JACKET

Mesin ini digunakan untuk mencampur serta mengaduk aneka jenis bahan-bahan berbentuk liquid (cair). Tanki mesin bermodel single jacket serta mesin tidak dilengkapi dengan pemanas. Kontak produk terbuat dari material stainless steel berlabel food grade & pharma grade sehingga aman digunakan untuk bahan makanan maupun bahan kosmetik. Terdapat roda pada rangka yang mempermudah Anda ketika hendak memindahkan mesin.

spesifikasi produk :
- Kapasitas 150 liter per proses
- Material bahan stainless 316 ketebalan 2 mm
- Frame stainless steel
- Rangka stainless kotak 304
- Penggerak motor listrik 
- (Inverter/speed control mixer)
- Pemanas heater
- Sistem pengaduk up down.
- Roda tabung (bisa di pindah2)
- Up down daya listrik 200 watt
- Penggerak mixer daya listrik 1500 watt.

keterangan lain :
* kami memberikan garansi produk selama 6 bulan free sparepart
* melayani kebutuhan pengadaan instansi ataupun dinas.
( CV.ASIANINDO )"
"Mesin Kupas Kentang","0","Spesifikasi :

- Bahan Full Stainless Steel
- Rangka Stainless Steel"
"Deep Fryer Kapasitas 25 Liter Bahan Stainless Steel CV Asianindo","0","- Spesifikasi Produk 
Kapasitas Tangki: 25 Liter
Konfigurasi: 1 Tangki, dan 2 Keranjang

Ideal untuk kebutuhan memasak Anda yang membutuhkan ruang cukup. Dengan kapasitas 25 liter, deep fryer ini memberikan solusi memasak yang efisien. Terdiri dari 1 tangki utama dan 2 keranjang tambahan, memudahkan penyimpanan dan penggunaan.

- Bahan Tahan Lama
Bahan Stainless Steel

Deep fryer ini dibuat dari bahan stainless steel, menjamin ketahanan dan keawetan. Rangka yang terbuat dari stainless steel menambah kekuatan struktur. Pilihan material ini cocok untuk penggunaan jangka panjang tanpa perlu khawatir akan cepat rusak."
"Mesin Presto 50 kg Stainless Steel Asianindo","0","- Spesifikasi Mesin: -
Kapasitas besar hingga 50 kg, ideal untuk kebutuhan Anda.
Terbuat dari bahan Stainless Steel yang tahan lama dan mudah dibersihkan.
Rangka MS menambah kekuatan dan daya tahan mesin.

- Fitur Unggulan: -
Dilengkapi kontrol tekanan untuk kinerja optimal.
Safety Valve memastikan keamanan penggunaan.
Paket gratis kompor LPG, hemat biaya tambahan.

- Informasi Tambahan: -
Pastikan Anda memilih Mesin Presto 50 kg presto untuk kebutuhan Anda. Dengan spesifikasi dan fitur yang ditawarkan, mesin ini siap menjadi pilihan tepat. Jangan lupa untuk mendapatkan kompor LPG secara gratis!"
"Vacuum Frying kapasitas 1,5 kg","0","MESIN VACUUM FRYING

Mesin ini berfungsi untuk : memproduksi kripik atau camilan  jadi, yang berbahan dasar dari buah - buahan atau umbi - umbian. cocok untuk para pengusaha yang ingin membuat usaha keripik buah nya semakin cepat dan mudah, sebelum dikirim k lokasi sebelumnya sudah kami tes dan uji coba mesin tersebut. sehingga tidakmenimbulkan kendala pada saat digunakan oleh konsumen. cara penggunaan sangat mudah, ada dilengkapi buku panduan dan tutorial dari ahli nya. 

nb : free spinner dan kompor. disertai juga buku panduan penggunaan mesin nya.
garansi 1 tahun ( non sparepart). 
pada saat pengoperasian mesin 
akan dipandu oleh ahlinya.

note :
Toko kami juga menyediakan semua kebutuhan mesin yang anda  butuhkan, baik untuk kebutuhan  pribadi maupun untuk pengadaan didinas pemerintahan ( Tender )


deskripsi produk :
- Kapasitas 1,5 kg on proses
- Dimensi 90 cm × 80 cm × 58 cm
- Tabung D 30 cm × P 45 cm
- Sistem vacuum : Water jet 1/2 HP
- Daya listrik 600 watt / 220 volt
- Suhu terkontrol otomatis
- Kebutuhan minyak 15 liter
- Pemanas kompor LPG
 
Keterangan :
 
- Unit mesin 100% Baru
- Garansi servis 1 tahun
( non spare   part ).

Cocok bagi para pemula usaha pembuatan keripik buah ( jeruk,apel,nangka, dll ) dan umbi umbian
( kentang, ubi, singkong, dll )."
"Mesin Spinner Kapasitas 5 kg CV Asianindo","0","Mesin Spinner Peniris Minyak CV Asianindo adalah solusi praktis untuk mengurangi kadar minyak berlebih pada berbagai jenis makanan. Dirancang khusus untuk membantu pelaku usaha makanan agar produk lebih renyah, sehat, dan tahan lama.

Spesifikasi Mesin:
• Kapasitas: 5 KG
• Bahan Peniris: Stainless Steel Food Grade
• Tinggi Body: 50 cm
• Diameter Tabung Luar: 39 cm
• Diameter Saringan: 34 cm
• Tinggi Saringan: 22 cm
• Daya Listrik: 135W / 220V
• Dilengkapi Kabel + On/Off + Steker untuk penggunaan mudah

Keunggulan Mesin Spinner CV Asianindo:
• Sangat mudah dan praktis digunakan
• Mengurangi/minimalkan minyak makanan dengan cepat
• Terbuat dari stainless steel higienis dan mudah dibersihkan
• Desain kokoh dan stabil, aman digunakan
• Hemat waktu dan tenaga dalam proses produksi

Cocok Digunakan Untuk:
• Bawang goreng
• Kerupuk
• Kacang-kacangan
• Aneka camilan goreng lainnya

Dengan Mesin Spinner Peniris Minyak CV Asianindo, hasil makanan menjadi lebih kering, renyah, sehat, dan bernilai jual tinggi. Pilihan tepat untuk UMKM dan industri makanan yang ingin meningkatkan efisiensi dan kualitas produk."
"Mesin Evaporator Vacuum 50 Liter Asianindo","0","MESIN EVAPORATOR VACUM

Kegunaan:
Untuk mengurangi kadar air/mengentalkan cairan: minyak, VCO, madu, susu,dll.), 
dengan cara kandungan air
dipanaskan dan diuapkan, kemudiankandungan air tadi 
dikeluarkan dengan cara di Vacum.
spesifikasi produk :

* Kapasitas: 50 Liter / Proses
*Bahan Stainless Steel
*Pemanas Kompor/heater
*Kontrol Suhu Otomatis
*Tabung Double Jacket
* Dimensi Total: 80x122x144 cm
* Rpm : 30 rpm
* Listrik :750 watt, 220V

garansi 1 tahun ( non sparepart). 
pada saat pengoperasian mesin 
akan dipandu oleh ahlinya.
note :
Toko kami juga menyediakan semua kebutuhan mesin yang anda  butuhkan, baik untuk kebutuhan  pribadi maupun untuk pengadaan didinas pemerintahan ( Tender )
"
"mesin vacuum frying kapasitas 5 kg plus spinner (paket komplit hemat)","0","mesin vacuum friying kapasitas 5 kg. mesin ini berfungsi untuk memproduksi kripik atau camilan jadi, yang berbahan dasar dari buah - buahan atau umbi - umbian. cocok untuk para pengusaha yang ingin membuat usaha keripik buah nya semakin cepat dan mudah . sebelum dikirim k lokasi, sebelumnya sudah kami tes dan uji coba mesin tersebut sehingga tidak menimbulkan kendala pada saat digunakan oleh konsumen. cara penggunaan sangat mudah, ada dilengkapi buku panduan dan tutorial dari ahli nya."
"Makaroni YEAY","0","Halo everyYEAYY🥳
Siapa disini yang suka nyemil tapi mager keluar? Hayoo, nah disini YEAY snack hadir untuk kalian.

Capcuss di order sekarang yukkk!!🤩

Berat 100gr"
"Basreng YEAY","0","Halo everyYEAYY🥳
Siapa disini yang suka nyemil tapi mager keluar? Hayoo, nah disini YEAY snack hadir untuk kalian.

Capcuss di order sekarang yukkk!!🤩

Berat 100gr"
"Kripik Kaca YEAY","0","Halo everyYEAYY🥳
Siapa disini yang suka nyemil tapi mager keluar? Hayoo, nah disini YEAY snack hadir untuk kalian.

Capcuss di order sekarang yukkk!!🤩

Berat 90gr"